Kabul;Afghanistan
Herat;Afghanistan
Mazar-e Sharif;Afghanistan
Kandahar;Afghanistan
Tirana;Albania
Algiers;Algeria
Oran;Algeria
El Djelfa;Algeria
Luanda;Angola
Lubango;Angola
Cabinda;Angola
Benguela;Angola
Malanje;Angola
Huambo;Angola
Cuito;Angola
Uige;Angola
Buenos Aires;Argentina
Cordoba;Argentina
Rosario;Argentina
Mendoza;Argentina
San Miguel de Tucuman;Argentina
La Plata;Argentina
Salta;Argentina
Mar Del Plata;Argentina
Santa Fe;Argentina
San Juan;Argentina
Yerevan;Armenia
Melbourne;Australia
Sydney;Australia
Brisbane;Australia
Perth;Australia
Adelaide;Australia
Gold Coast;Australia
Vienna;Austria
Baku;Azerbaijan
Manama;Bahrain
Dhaka;Bangladesh
Chittagong;Bangladesh
Khulna;Bangladesh
Rajshahi;Bangladesh
Sylhet;Bangladesh
Bogra;Bangladesh
Comilla;Bangladesh
Rupganj;Bangladesh
Minsk;Belarus
Gomel;Belarus
Brussels;Belgium
Antwerp;Belgium
Liege;Belgium
Abomey-Calavi;Benin
Cotonou;Benin
La Paz;Bolivia
Santa Cruz;Bolivia
Cochabamba;Bolivia
Sao Paulo;Brazil
Rio de Janeiro;Brazil
Belo Horizonte;Brazil
Brasilia;Brazil
Recife;Brazil
Porto Alegre;Brazil
Fortaleza;Brazil
Salvador;Brazil
Curitiba;Brazil
Campinas;Brazil
Goiania;Brazil
Belem;Brazil
Manaus;Brazil
Grande Vitoria;Brazil
Baixada Santista;Brazil
Grande Sao Luis;Brazil
Natal;Brazil
Joao Pessoa;Brazil
Maceio;Brazil
Joinville;Brazil
Florianopolis;Brazil
Teresina;Brazil
Aracaju;Brazil
Campo Grande;Brazil
Londrina;Brazil
Sorocaba;Brazil
Sao Jose dos Campos;Brazil
Ribeirao Preto;Brazil
Uberlandia;Brazil
Jundiai;Brazil
Feira De Santana;Brazil
Cuiaba;Brazil
Juiz De Fora;Brazil
Vale do Aco;Brazil
Porto Velho;Brazil
Sofia;Bulgaria
Ouagadougou;Burkina Faso
Bobo-Dioulasso;Burkina Faso
Bujumbura;Burundi
Phnom Penh;Cambodia
Yaounde;Cameroon
Douala;Cameroon
Bamenda;Cameroon
Loum;Cameroon
Mbouda;Cameroon
Toronto;Canada
Montreal;Canada
Vancouver;Canada
Calgary;Canada
Edmonton;Canada
Ottawa;Canada
Quebec;Canada
Winnipeg;Canada
Hamilton;Canada
Kitchener;Canada
London CA;Canada
Bangui;Central African Republic
N-Djamena;Chad
Santiago;Chile
Valparaiso;Chile
Concepcion;Chile
Shanghai;China
Beijing;China
Chongqing;China
Tianjin;China
Guangzhou;China
Shenzhen;China
Chengdu;China
Nanjing;China
Wuhan;China
Xi-an Shaanxi;China
Hangzhou;China
Dongguan;China
Suzhou;China
Foshan;China
Shenyang;China
Haerbin;China
Dalian;China
Qingdao;China
Ji-nan Shandong;China
Zhengzhou;China
Changsha;China
Kunming;China
Urumqi;China
Changchun;China
Shantou;China
Hefei;China
Ningbo;China
Shijiazhuang;China
Taiyuan Shanxi;China
Nanning;China
Xiamen;China
Fuzhou Fujian;China
Changzhou;China
Wenzhou;China
Nanchang;China
Tangshan Hebei;China
Guiyang;China
Wuxi;China
Lanzhou;China
Zhongshan;China
Handan;China
Huaian;China
Weifang;China
Zibo;China
Shaoxing;China
Yantai;China
Huizhou;China
Luoyang;China
Nantong;China
Hohhot;China
Baotou;China
Liuzhou;China
Xuzhou;China
Yangzhou;China
Baoding;China
Putian;China
Taizhou Zhejiang;China
Linyi Shandong;China
Wuhu Anhui;China
Haikou;China
Yancheng Jiangsu;China
Daqing;China
Lianyungang;China
Zhuhai;China
Datong;China
Quanzhou;China
Jiangmen;China
Xiangyang;China
Cixi;China
Anshan;China
Yinchuan;China
Jilin;China
Yichang;China
Qinhuangdao;China
Qiqihaer;China
Xining;China
Hengyang;China
Anyang;China
Suqian;China
Jining Shandong;China
Zhangjiakou;China
Huainan;China
Chaozhou;China
Yiwu;China
Taizhou Jiangsu;China
Taian Shandong;China
Weihai;China
Ganzhou;China
Jiaxing;China
Kaifeng;China
Zhanjiang;China
Zunyi;China
Rizhao;China
Dongying;China
Mianyang Sichuan;China
Nanchong;China
Fushun Liaoning;China
Shiyan;China
Liuan;China
Yingkou;China
Liuyang;China
Maoming;China
Tengzhou;China
Suzhou;China
Zhuzhou;China
Ruian;China
Zhenjiang Jiangsu;China
Baoji;China
Jieyang;China
Chifeng;China
Pingdingshan Henan;China
Puning;China
Benxi;China
Huaibei;China
Nanyang Henan;China
Jinhua;China
Xiangtan Hunan;China
Jinzhou;China
Guilin;China
Liupanshui;China
Binzhou;China
Pizhou;China
Zaozhuang;China
Xinxiang;China
Yueqing;China
Luohe;China
Panjin;China
Wenling;China
Fuyang;China
Bazhong;China
Shangrao;China
Jingzhou Hubei;China
Ma'anshan;China
Zhaoqing;China
Xiongan;China
Fuzhou Jiangxi;China
Leshan;China
Yueyang;China
Dezhou;China
Huzhou;China
Chenzhou;China
Xuchang;China
Changshu;China
Qujing;China
Yichun Jiangxi;China
Xintai;China
Jixi Heilongjiang;China
Pingxiang Jiangxi;China
Mudanjiang;China
Guiping;China
Jiujiang;China
Laiwu;China
Zhucheng;China
Chengde;China
Guigang;China
Bengbu;China
Yangjiang;China
Zhangzhou;China
Tianmen;China
Leiyang;China
Hengshui;China
Linfen;China
Xinyu;China
Dandong;China
Deyang;China
Jiangyin;China
Liaoyang;China
Changzhi;China
Baishan;China
Liling;China
Changde;China
Fuxin;China
Shangqiu;China
Xingtai;China
Huangshi;China
Luzhou;China
Yibin;China
Xinyang;China
Xinghua;China
Yangquan;China
Yongzhou;China
Xiaogan;China
Heze;China
Kuerle;China
Quzhou;China
Zhuji;China
Haicheng;China
Tianshui;China
Huludao;China
Huaihua;China
Liaocheng;China
Jiaozuo;China
Bozhou;China
Taixing;China
Kunshan;China
Shaoguan;China
Jincheng;China
Langfang;China
Meishan;China
Zhumadian;China
Zigong;China
Gaomi;China
Anqing;China
Qingyuan;China
Hanchuan;China
Danyang;China
Linhai;China
Erduosi-Ordoss;China
Shaoyang;China
Jiamusi;China
Xianyang Shaanxi;China
Anqiu;China
Tongliao;China
Panzhihua;China
Suining Sichuan;China
Yanji;China
Tongling;China
Wuzhou;China
Yan'an;China
Yulin Shaanxi;China
Dazhou;China
Dengzhou;China
Longyan;China
Yuncheng;China
Dongtai;China
Yuyao;China
Yuxi;China
Zhangjiagang;China
Taicang;China
Ezhou;China
Zhoukou;China
Ankang;China
Renqiu;China
Loudi;China
Bijie;China
Qinzhou;China
Zhoushan;China
Tongxiang;China
Longhai;China
Puyang;China
Hezhou;China
Neijiang;China
Haimen;China
Wuhai;China
Hegang;China
Sanya;China
Miluo;China
Yulin Guangxi;China
Enshi;China
Anshun;China
Sihui;China
Hanzhong;China
Jinzhong;China
Siping;China
Sanhe;China
Xinmi;China
Jingjiang;China
Shishi;China
Fuqing;China
Xiantao;China
Yichun Heilongjiang;China
Daye;China
Cenxi;China
Qitaihe;China
Shuozhou;China
Tonghua;China
Sanmenxia;China
Dongyang;China
Xinyi;China
Hebi;China
Zaoyang;China
Yiyang Hunan;China
Zhaodong;China
Dengfeng;China
Cangzhou;China
Jiaozhou;China
Weinan;China
Gaozhou;China
Feicheng;China
Guangyuan;China
Tongchuan;China
Shouguang;China
Chaoyang;China
Yongkang;China
Haining;China
Taishan;China
Chuzhou;China
Pingdu;China
Qingzhou;China
Longkou;China
Heyuan;China
Yanshi;China
Dali;China
Changning;China
Gongyi;China
Gaoyou;China
Shizuishan;China
Shangyu;China
Laixi;China
Qianjiang;China
Chuxiong;China
Songyuan;China
Changge;China
Ziyang;China
Xingning;China
Jinjiang;China
Shuangyashan;China
Changyi;China
Guang-an;China
Jianyang;China
Nanping;China
Bogota;Colombia
Medellin;Colombia
Cali;Colombia
Barranquilla;Colombia
Bucaramanga;Colombia
Cartagena;Colombia
Cucuta;Colombia
Ibague;Colombia
Pereira;Colombia
Villavicencio;Colombia
Valledupar;Colombia
Santa Marta;Colombia
San Jose;Costa Rica
Zagreb;Croatia
Havana;Cuba
Prague;Czech Republic
Copenhagen;Denmark
Djibouti;Djibouti
Santo Domingo;Dominican Republic
Santiago;Dominican Republic
Kinshasa;DR Congo
Mbuji-Mayi;DR Congo
Lubumbashi;DR Congo
Kananga;DR Congo
Kisangani;DR Congo
Bukavu;DR Congo
Tshikapa;DR Congo
Bunia;DR Congo
Goma;DR Congo
Uvira;DR Congo
Likasi;DR Congo
Kikwit;DR Congo
Kolwezi;DR Congo
Kabinda;DR Congo
Guayaquil;Ecuador
Quito;Ecuador
Cairo;Egypt
Alexandria;Egypt
Bur Sa'id;Egypt
As-Suways;Egypt
Al-Mansurah;Egypt
Al-Mahallah al-Kubra;Egypt
Tanta;Egypt
San Salvador;El Salvador
Asmara;Eritrea
Addis Ababa;Ethiopia
Mekele;Ethiopia
Helsinki;Finland
Paris;France
Lyon;France
Marseille;France
Lille;France
Toulouse;France
Bordeaux;France
Nice;France
Nantes;France
Toulon;France
Grenoble;France
Douai-Lens;France
Libreville;Gabon
Tbilisi;Georgia
Berlin;Germany
Hamburg;Germany
Munich;Germany
Cologne;Germany
Frankfurt;Germany
Duesseldorf;Germany
Stuttgart;Germany
Leipzig;Germany
Dortmund;Germany
Essen;Germany
Dresden;Germany
Bremen;Germany
Hannover;Germany
Duisburg;Germany
Nurenberg;Germany
Kumasi;Ghana
Accra;Ghana
Sekondi Takoradi;Ghana
Tamale;Ghana
Athens;Greece
Thessaloniki;Greece
Guatemala;Guatemala
Conakry;Guinea
Bissau;Guinea-Bissau
Port-au-Prince;Haiti
Tegucigalpa;Honduras
San Pedro Sula;Honduras
Hong Kong;Hong Kong
Budapest;Hungary
Delhi;India
Mumbai;India
Kolkata;India
Bangalore;India
Chennai;India
Hyderabad;India
Ahmedabad;India
Surat;India
Pune;India
Jaipur;India
Lucknow;India
Kozhikode;India
Malappuram;India
Thrissur;India
Kochi;India
Kanpur;India
Indore;India
Nagpur;India
Coimbatore;India
Thiruvananthapuram;India
Patna;India
Bhopal;India
Agra;India
Vadodara;India
Kannur;India
Visakhapatnam;India
Nashik;India
Vijayawada;India
Kollam;India
Rajkot;India
Ludhiana;India
Madurai;India
Meerut;India
Raipur;India
Varanasi;India
Jamshedpur;India
Srinagar;India
Aurangabad;India
Tiruppur;India
Jodhpur;India
Ranchi;India
Jabalpur;India
Asansol;India
Kota;India
Allahabad;India
Gwalior;India
Amritsar;India
Dhanbad;India
Bareilly;India
Aligarh;India
Mysore;India
Moradabad;India
Durg-Bhilainagar;India
Bhubaneswar;India
Tiruchirappalli;India
Chandigarh;India
Hubli-Dharwad;India
Guwahati;India
Salem;India
Saharanpur;India
Jalandhar;India
Siliguri;India
Solapur;India
Warangal;India
Dehradun;India
Guntur;India
Bhiwandi;India
Puducherry;India
Firozabad;India
Cherthala;India
Bikaner;India
Nellore;India
Gorakhpur;India
Amravati;India
Cuttack;India
Muzaffarnagar;India
Kottayam;India
Belgaum;India
Malegaon;India
Kayamkulam;India
Mangalore;India
Bhavnagar;India
Jammu;India
Nanded Waghala;India
Tirupati;India
Gulbarga;India
Durgapur;India
Kurnool;India
Jhansi;India
Jamnagar;India
Erode;India
Bokaro Steel;India
Raurkela;India
Kolhapur;India
Ajmer;India
Ujjain;India
Patiala;India
Bilaspur;India
Mathura;India
Agartala;India
Imphal;India
Sangli;India
Udaipur;India
Vellore;India
Thoothukkudi;India
Jalgaon;India
Gaya;India
Tirunelveli;India
Panipat;India
Rajahmundry;India
Bellary;India
Hosur;India
Kakinada;India
Davanagere;India
Muzaffarpur;India
Jakarta;Indonesia
Bekasi;Indonesia
Surabaya;Indonesia
Depok;Indonesia
Bandung;Indonesia
Tangerang;Indonesia
Medan;Indonesia
Semarang;Indonesia
Palembang;Indonesia
Batam;Indonesia
Makassar;Indonesia
Pekan Baru;Indonesia
Bogor;Indonesia
Bandar Lampung;Indonesia
Tasikmalaya;Indonesia
Samarinda;Indonesia
Denpasar;Indonesia
Padang;Indonesia
Malang;Indonesia
Banjarmasin;Indonesia
Bali;Indonesia
Pontianak;Indonesia
Jambi;Indonesia
Ambon;Indonesia
Surakarta;Indonesia
Mataram;Indonesia
Tehran;Iran
Mashhad;Iran
Esfahan;Iran
Shiraz;Iran
Tabriz;Iran
Karaj;Iran
Qom;Iran
Ahvaz;Iran
Kermanshah;Iran
Orumiyeh;Iran
Rasht;Iran
Bandar Abbas;Iran
Zahedan;Iran
Hamadan;Iran
Ardabil;Iran
Yazd;Iran
Arak;Iran
Kerman;Iran
Eslamshahr;Iran
Baghdad;Iraq
Mosul;Iraq
Basra;Iraq
Kirkuk;Iraq
Najaf;Iraq
Erbil;Iraq
Sulaimaniya;Iraq
Amara;Iraq
Nasiriyah;Iraq
Hillah;Iraq
Karbala;Iraq
Diwaniyah;Iraq
Dublin;Ireland
Tel Aviv;Israel
Haifa;Israel
Jerusalem;Israel
Be'er Sheva;Israel
Rome;Italy
Milan;Italy
Naples;Italy
Turin;Italy
Bergamo;Italy
Palermo;Italy
Bologna;Italy
Florence;Italy
Padova;Italy
Genoa;Italy
Busto Arsizio;Italy
Venezia;Italy
Verona;Italy
Seregno;Italy
Bari;Italy
Catania;Italy
Abidjan;Ivory Coast
Bouake;Ivory Coast
Kingston;Jamaica
Tokyo;Japan
Osaka;Japan
Nagoya;Japan
Fukuoka;Japan
Shizuoka;Japan
Sapporo;Japan
Sendai;Japan
Hiroshima;Japan
Niigata;Japan
Kumamoto;Japan
Okayama;Japan
Kagoshima;Japan
Utsunomiya;Japan
Matsuyama;Japan
Amman;Jordan
Zarqa;Jordan
Irbid;Jordan
Ar-Rusayfah;Jordan
Almaty;Kazakhstan
Astana;Kazakhstan
Shimkent;Kazakhstan
Karaganda;Kazakhstan
Nairobi;Kenya
Mombasa;Kenya
Kuwait;Kuwait
Bishkek;Kyrgyzstan
Vientiane;Laos
Riga;Latvia
Beirut;Lebanon
Monrovia;Liberia
Tripoli;Libya
Misratah;Libya
Banghazi;Libya
Vilnius;Lithuania
Macao;Macau
Antananarivo;Madagascar
Lilongwe;Malawi
Blantyre-Limbe;Malawi
Kuala Lumpur;Malaysia
Johor Bahru;Malaysia
Ipoh;Malaysia
Kuching;Malaysia
Kota Kinabalu;Malaysia
Kuantan;Malaysia
Bamako;Mali
Nouakchott;Mauritania
Mexico City;Mexico
Guadalajara;Mexico
Monterrey;Mexico
Puebla;Mexico
Toluca de Lerdo;Mexico
Tijuana;Mexico
Leon de los Aldamas;Mexico
La Laguna;Mexico
Ciudad Juarez;Mexico
Queretaro;Mexico
San Luis Potosi;Mexico
Merida;Mexico
Mexicali;Mexico
Aguascalientes;Mexico
Cuernavaca;Mexico
Chihuahua;Mexico
Tampico;Mexico
Saltillo;Mexico
Acapulco de Juarez;Mexico
Cancun;Mexico
Morelia;Mexico
Veracruz;Mexico
Reynosa;Mexico
Villahermosa;Mexico
Hermosillo;Mexico
Tuxtla Gutierrez;Mexico
Culiacan;Mexico
Xalapa;Mexico
Oaxaca de Juarez;Mexico
Celaya;Mexico
Pachuca de Soto;Mexico
Durango;Mexico
Tlaxcala;Mexico
Matamoros;Mexico
Poza Rica de Hidalgo;Mexico
Tepic;Mexico
Puerto Vallarta;Mexico
Cuautla Morelos;Mexico
Ulaanbaatar;Mongolia
Casablanca;Morocco
Rabat;Morocco
Fes;Morocco
Tanger;Morocco
Marrakech;Morocco
Agadir;Morocco
Oujda;Morocco
Meknes;Morocco
Matola;Mozambique
Maputo;Mozambique
Nampula;Mozambique
Beira;Mozambique
Yangon;Myanmar
Mandalay;Myanmar
Nay Pyi Taw;Myanmar
Kathmandu;Nepal
Amsterdam;Netherlands
Rotterdam;Netherlands
The Hague;Netherlands
Utrecht;Netherlands
Auckland;New Zealand
Managua;Nicaragua
Niamey;Niger
Zinder;Niger
Lagos;Nigeria
Kano;Nigeria
Ibadan;Nigeria
Abuja;Nigeria
Port Harcourt;Nigeria
Benin City;Nigeria
Onitsha;Nigeria
Uyo;Nigeria
Kaduna;Nigeria
Aba;Nigeria
Nnewi;Nigeria
Ikorodu;Nigeria
Ilorin;Nigeria
Jos;Nigeria
Owerri;Nigeria
Warri;Nigeria
Umuahia;Nigeria
Maiduguri;Nigeria
Enugu;Nigeria
Lokoja;Nigeria
Zaria;Nigeria
Oshogbo;Nigeria
Akure;Nigeria
Sokoto;Nigeria
Bauchi;Nigeria
Calabar;Nigeria
Abakaliki;Nigeria
Ogbomosho;Nigeria
Abeokuta;Nigeria
Gombe;Nigeria
Pyongyang;North Korea
Chongjin;North Korea
Hamhung;North Korea
Skopje;North Macedonia
Oslo;Norway
Muscat;Oman
Karachi;Pakistan
Lahore;Pakistan
Faisalabad;Pakistan
Gujranwala;Pakistan
Rawalpindi;Pakistan
Peshawar;Pakistan
Multan;Pakistan
Hyderabad;Pakistan
Islamabad;Pakistan
Quetta;Pakistan
Bahawalpur;Pakistan
Sialkot;Pakistan
Sargodha;Pakistan
Larkana;Pakistan
Sukkur;Pakistan
Sheikhupura;Pakistan
Gaza;Palestine
Panama City;Panama
Asuncion;Paraguay
Lima;Peru
Arequipa;Peru
Trujillo;Peru
Chiclayo;Peru
Manila;Philippines
Davao City;Philippines
Cebu City;Philippines
Zamboanga City;Philippines
Antipolo;Philippines
Cagayan de Oro City;Philippines
Dasmarinas;Philippines
Bacoor;Philippines
General Santos City;Philippines
Bacolod;Philippines
San Jose del Monte;Philippines
Imus;Philippines
Basilan City;Philippines
Calamba;Philippines
Angeles City;Philippines
Warsaw;Poland
Krakow;Poland
Lodz;Poland
Wroclaw;Poland
Poznan;Poland
Lisbon;Portugal
Porto;Portugal
San Juan;Puerto Rico
Ar-Rayyan;Qatar
Doha;Qatar
Brazzaville;Republic of the Congo
Pointe-Noire;Republic of the Congo
Bucharest;Romania
Moscow;Russia
Saint Petersburg;Russia
Novosibirsk;Russia
Yekaterinburg;Russia
Kazan;Russia
Nizhniy Novgorod;Russia
Chelyabinsk;Russia
Omsk;Russia
Samara;Russia
Krasnoyarsk;Russia
Ufa;Russia
Rostov-on-Don;Russia
Perm;Russia
Voronezh;Russia
Volgograd;Russia
Krasnodar;Russia
Tyumen;Russia
Saratov;Russia
Tolyatti;Russia
Izhevsk;Russia
Irkutsk;Russia
Barnaul;Russia
Khabarovsk;Russia
Ulyanovsk;Russia
Yaroslavl;Russia
Vladivostok;Russia
Makhachkala;Russia
Tomsk;Russia
Orenburg;Russia
Kemerovo;Russia
Novokuznetsk;Russia
Ryazan;Russia
Naberezhnye Tchelny;Russia
Astrakhan;Russia
Balashikha;Russia
Penza;Russia
Kirov;Russia
Cheboksary;Russia
Lipetsk;Russia
Kigali;Rwanda
Riyadh;Saudi Arabia
Jiddah;Saudi Arabia
Mecca;Saudi Arabia
Medina;Saudi Arabia
Ad-Dammam;Saudi Arabia
Hufuf-Mubarraz;Saudi Arabia
Taif;Saudi Arabia
Buraydah;Saudi Arabia
Tabuk;Saudi Arabia
Jubayl;Saudi Arabia
Khamis Mushayt;Saudi Arabia
Dakar;Senegal
Belgrade;Serbia
Freetown;Sierra Leone
Singapore;Singapore
Mogadishu;Somalia
Hargeysa;Somalia
Merca;Somalia
Berbera;Somalia
Johannesburg;South Africa
Cape Town;South Africa
Ekurhuleni;South Africa
Durban;South Africa
Pretoria;South Africa
Port Elizabeth;South Africa
West Rand;South Africa
Soshanguve;South Africa
Vereeniging;South Africa
Buffalo City;South Africa
Bloemfontein;South Africa
Pietermaritzburg;South Africa
Rustenburg;South Africa
Seoul;South Korea
Busan;South Korea
Incheon;South Korea
Daegu;South Korea
Daejon;South Korea
Gwangju;South Korea
Suweon;South Korea
Yongin;South Korea
Goyang;South Korea
Changwon;South Korea
Seongnam;South Korea
Ulsan;South Korea
Bucheon;South Korea
Ansan;South Korea
Cheongju;South Korea
Cheonan;South Korea
Jeonju;South Korea
Anyang;South Korea
Madrid;Spain
Barcelona;Spain
Valencia;Spain
Zaragoza;Spain
Seville;Spain
Malaga;Spain
Murcia;Spain
Colombo;Sri Lanka
Khartoum;Sudan
Nyala;Sudan
Stockholm;Sweden
Gothenburg;Sweden
Zurich;Switzerland
Geneva;Switzerland
Basel;Switzerland
Damascus;Syria
Aleppo;Syria
Homs;Syria
Hamah;Syria
Lattakia;Syria
Al-Raqqa;Syria
Xinbei;Taiwan
Taibei;Taiwan
Taoyuan;Taiwan
Gaoxiong;Taiwan
Taizhong;Taiwan
Tainan;Taiwan
Dushanbe;Tajikistan
Dar es Salaam;Tanzania
Mwanza;Tanzania
Zanzibar;Tanzania
Mbeya;Tanzania
Arusha;Tanzania
Bangkok;Thailand
Chon Buri;Thailand
Samut Prakan;Thailand
Chiang Mai;Thailand
Songkhla;Thailand
Nonthaburi;Thailand
Pathum Thani;Thailand
Nakhon Ratchasima;Thailand
Samut Sakhon;Thailand
Udon Thani;Thailand
Chiang Rai;Thailand
Rayong;Thailand
Kalasin;Thailand
Nakhon Pathom;Thailand
Khon-Kaen;Thailand
Surat Thani;Thailand
Ubon Ratchathani;Thailand
Lome;Togo
Port of Spain;Trinidad and Tobago
Tunis;Tunisia
Safaqis;Tunisia
Istanbul;Turkey
Ankara;Turkey
Izmir;Turkey
Bursa;Turkey
Adana;Turkey
Gaziantep;Turkey
Konya;Turkey
Antalya;Turkey
Diyarbakir;Turkey
Mersin;Turkey
Kayseri;Turkey
Eskisehir;Turkey
Gebze;Turkey
Samsun;Turkey
Denizli;Turkey
Sanliurfa;Turkey
Kahramanmaras;Turkey
Sakarya;Turkey
Van;Turkey
Malatya;Turkey
Ashgabat;Turkmenistan
Kampala;Uganda
Kiev;Ukraine
Kharkiv;Ukraine
Odesa;Ukraine
Dnipro;Ukraine
Donetsk;Ukraine
Zaporizhzhya;Ukraine
Lviv;Ukraine
Kryvyi Rih;Ukraine
Dubai;United Arab Emirates
Sharjah;United Arab Emirates
Abu Dhabi;United Arab Emirates
Al-Ain;United Arab Emirates
London;United Kingdom
Manchester;United Kingdom
Birmingham;United Kingdom
West Yorkshire;United Kingdom
Glasgow;United Kingdom
Southampton;United Kingdom
Liverpool;United Kingdom
Newcastle upon Tyne;United Kingdom
Nottingham;United Kingdom
Sheffield;United Kingdom
Bristol;United Kingdom
Belfast;United Kingdom
Brighton;United Kingdom
Leicester;United Kingdom
Edinburgh;United Kingdom
Bournemouth;United Kingdom
New York;United States
Los Angeles;United States
Chicago;United States
Houston;United States
Phoenix;United States
Philadelphia;United States
San Antonio;United States
San Diego;United States
Dallas;United States
Austin;United States
San Jose;United States
Fort Worth;United States
Jacksonville;United States
Columbus;United States
Charlotte;United States
Indianapolis;United States
San Francisco;United States
Seattle;United States
Denver;United States
Washington;United States
Boston;United States
El Paso;United States
Nashville;United States
Oklahoma;United States
Las Vegas;United States
Detroit;United States
Portland;United States
Memphis;United States
Louisville;United States
Milwaukee;United States
Baltimore;United States
Albuquerque;United States
Tucson;United States
Mesa;United States
Fresno;United States
Sacramento;United States
Atlanta;United States
Kansas;United States
Montevideo;Uruguay
Tashkent;Uzbekistan
Samarkand;Uzbekistan
Namangan;Uzbekistan
Caracas;Venezuela
Maracaibo;Venezuela
Valencia;Venezuela
Barquisimeto;Venezuela
Maracay;Venezuela
Ciudad Guayana;Venezuela
Barcelona-Puerto La Cruz;Venezuela
Maturin;Venezuela
Cabimas;Venezuela
Ho Chi Minh;Vietnam
Hanoi;Vietnam
Can Tho;Vietnam
Hai Phong;Vietnam
Da Nang;Vietnam
Bien Hoa;Vietnam
Sanaa;Yemen
Aden;Yemen
Taiz;Yemen
Ibb;Yemen
Al-Hudaydah;Yemen
Al-Mukalla;Yemen
Lusaka;Zambia
Kitwe;Zambia
Ndola;Zambia
Harare;Zimbabwe
Bulawayo;Zimbabwe
