weight;en_feat;it_feat;en2_feat
2.3398591684729984;audiovisual;audiovisivo;Audiovisual
2.0757785555330712;drones;droni;
1.9835470610144887;engineering;ingegneria;engineering
1.9571335363599909;drone;drone;
1.6998107105023792;production;produzione;production
1.5725276458879238;per;per;for
1.5627486010225704;aerial;aereo;aerial
1.5252392240508026;projects;progetti;blueprints
1.5229698232347215;environmental;ambientale;environmental
1.4923090384036817;dji;dji;
1.4922544486099054;clients;clienti;clients
1.4602899568498624;photographs;fotografie;photographs
1.4387659593681992;documentary;documentale;documentary
1.319802691917956;video;video;video
1.2990218685782546;fly;volare;mosca
1.2613868940180928;provide;fornire;provide
1.2510761912459576;management;dirigenza;management
1.2489772342997547;videos;video;video
1.2361179457857665;com;com;
1.2289028374747106;corporate;corporativo;corporate
1.1650946612639237;agriculture;agricoltura;agriculture
1.1497957362382325;control;controllo;control
1.1409536141365824;photogrammetry;fotogrammetria;
1.1026178665598738;services;servizi;services
1.0818619403645608;infrastructures;infrastrutture;infrastructures
1.057793581624629;experience;esperienza;experience
1.0381723452354672;construction;costrutto;construction
1.0375460156249838;mini;mini;mini
1.0320114626803614;pilot;piloto;pilot
1.023981453663088;assessment;titolazione;assessment
0.9997819489982812;located;localizzato;located
0.9796870823978436;topography;topografia;topography
0.9692342495412332;design;disegnare;design
0.9679045224830652;study;studio;studio
0.9588005619927688;company;impresa;company
0.949020260288592;rpas;rpas;rpas?raps
0.9438444077126592;ground;terra;earth
0.9064687235310572;civil;civile;civil
0.8837171151173265;service;servizio;service
0.8793584304734403;television;televisivo;television
0.8775519824393543;streaming;streaming;
0.8660036692328774;develop;sviluppare;develop
0.860781441170121;prevention;prevenzione;prevention
0.8599778933942825;info;info;
0.8548406388096204;coast;costa;coast
0.8536886643143395;fields;campi;countrysides
0.8443272522039168;camera;camera;chamber
0.8438856844818446;essential;essenziale;essential
0.8205578715618423;environment;ambiente;ambient
0.8169977270897701;years;anni;years
0.8092590877028146;character;carattere;character
0.8043976760541934;team;squadra;team
0.8020728344775585;commitment;compromesso;commitment
0.7947410221062334;art;attrezzo;art
0.7941093694513309;risks;rischi;risks
0.7887205249348239;maintenance;manutenzione;maintenance
0.7871632407672109;structure;struttura;frame
0.7854539894209519;image;immagine;image
0.7810878283945802;portfolio;portafoglio;portfolio
0.7736214992800734;photograph;fotografia;photograph
0.7653583034732255;heritage;patrimonio;heritage
0.7639985522884781;flying;volando;blasting
0.7615541916181562;work;opera;opera
0.7613657722894974;images;immagini;images
0.7612372209162416;count;raccontare;count
0.7610991381276886;systems;sistemi;systems
0.7607441243856237;engine;motore;engine
0.7342758925630073;aesa;aesa;enac
0.7280557693924956;professionals;professionisti;professionals
0.7163410714551423;renewable;rinnovabile;renewable
0.7148634479723771;energetic;energetico;energetic
0.711695250379134;multimedia;multimedia;
0.7113487110411656;innovation;innovazione;innovation
0.7058308664790442;photo;foto;photo
0.7042954991084255;development;sviluppo;development
0.7000822407642817;unmanned;senza pilota;
0.6922327476493779;political;politico;political
0.690185531772772;reserved;riservò;reserved
0.68414840414995;brand;marchio;brand
0.6815243933499746;communication;comunicazione;communication
0.6773119277400748;fixed;fisso;fixed
0.6757112182956577;operation;operatività;operation
0.6743030996181488;menu;carta;card
0.6736574800388382;uav;uav;
0.6564436971362101;capture;cattura;capture
0.6504857300920647;measures;misure;measures
0.6481149625588255;sustainability;sostenibilità;sustainability
0.6435425400165214;inspection;ispezione;inspection
0.6405492272242731;safety;sicurezza;safety
0.6266312656072563;within;dentro;inside
0.6221063630467266;integral;integrale;integral
0.6121205280247893;variety;varietà;variety
0.6113463098774302;notice;avviso;notice
0.6050919123433954;believe;credere;believe
0.6043161123552071;guarantees;avalli;guarantees
0.6018998570473728;since;da allora;since
0.6000327569305914;laser;laser;laser
0.5991398365952858;visual;visuale;visual
0.5974570162406531;advice;consiglio;tip
0.5965602196459958;applied;applicò;applied
0.596187331260299;precision;precisione;
0.594973787088167;film;pellicola;film
0.5944501837549345;scale;scala;stairs
0.5939049094160729;based;basato;based
0.5936389611324395;surroundings;ambiente;ambient
0.5924005798886787;could;potevo
0.5922030375347498;infrastructure;infrastruttura;infrastructure
0.5800674391504501;tel;tel;
0.5705276069430756;public;pubblico;public
0.5697792454543763;stored;immagazzinato;
0.5697792454543763;stored;immagazzinata;
0.5667803914865452;hello;salve;hello
0.5658597664993009;particular;particolare;particular
0.5647455834930947;installations;installazioni;installations
0.5636562423887801;solutions;soluzioni;solutions
0.5628678369800888;responsible;responsabile;manager
0.5582490728294911;models;modelli;patterns
0.5568342536917473;contrive;ideare;contrive
0.5564821238479064;integration;integrazione;integration
0.5502025540170721;response;risposta;answer
0.5485485981571383;road;strada;road
0.5473066889787794;events;eventi;events
0.5452354054735099;sustainable;sostenibile;sustainable
0.5423300631893047;purposes;propositi;purposes
0.5418308529683608;model;modello;pattern
0.5405456952835933;kit;scatola;box
0.5404411393811265;customised;personalizzato;
0.5404411393811265;customised;personalizzata;
0.5377527237325284;build;corporatura;
0.5361114649858902;consulting;consultando;consulting
0.5310012424403173;sport;sport;sport
0.5280783600765425;street;strada;road
0.5260689729441321;scroll;scorrere;
0.5216625235498697;average;mediano;average
0.5178269948268823;uas;uas;
0.5177447376255407;surveillance;sorveglianza;surveillance
0.5033291885338912;edifice;edificio;
0.50230820890732;gallery;galleria;gallery
0.4981149860289421;easily;facilmente;easily
0.4874994476350317;agricultural;agricolo;agricultural
0.4851144754662957;enabled;autorizzò;authorised
0.4812676953240063;tools;utensili;tools
0.4790061296362501;industrial;industriale;industrial
0.4783513147546973;sent;inviò;forwarded
0.4771166172813542;always;sempre;always
0.4765118682350654;think;opinare;think
0.4753630811904381;integrated;integrato;integrated
0.4747655733399159;home;casa;house
0.4702046109654262;every;ogni;each
0.4682832668410507;touch;tatto;touch
0.4667910086973449;park;parco;park
0.4651451721987119;worldwide;in tutto il mondo;all over the world
0.4634763145836457;preferences;preferenze;preferences
0.4633148980250015;monitoring;controllando;controlling
0.4630808380198289;objective;obiettivo;objective
0.4581940341988118;realisation;realizzazione;realisation
0.4548593119026778;purpose;proposito;purpose
0.4545786463634602;customers;clienti;clients
0.4520170153651157;people;gente;persons
0.4497944643185559;knowledges;conoscenze;knowledges
0.44941738118518537;include;includere;include
0.4418045011528488;identity;identità;identity
0.4397149269756403;consults;consultare;consult
0.4378882965918533;expertise;competenza;
0.4363254805843063;presence;presenza;presence
0.4343804134598797;instagram;instagram;instagram
0.4325590936443727;nature;natura;nature
0.432209421706371;ever;mai;ever
0.43210036413988334;great;grande;big
0.42442475328380297;private;privato;private
0.4216680228006913;engineers;ingegneri;engineers
0.4158489421747783;concept;concetto;concept
0.41537026560872814;reduce;ridurre;reduce
0.4141271598237114;client;cliente;client
0.4121006241958733;execution;esecuzione;execution
0.4101043125378013;forest;foresta;forest
0.4082935372200322;squads;squadre;
0.40728416379648696;technical;tecnico;technical
0.4054947094739734;tool;utensile;tool
0.4041723752348821;cultural;culturale;cultural
0.4039835988969417;producing;produttore;producing
0.4037896535530112;attend;frequentare;attend
0.4017744241898129;cookies;biscotti;biscuits
0.4013033299120613;building;edificando;building
0.3989315058540371;given;dato;given
0.39671569852901006;hire;affitto;hire
0.394214690614625;designed;disegnato;designed
0.3937958989052231;innovative;innovatore;innovative
0.3932633000168752;party;festa;party
0.3923633974039811;areas;aree;areas
0.3904389187129679;decisions;decisioni;decisions
0.3898369043355452;custom;costume;custom
0.3842184297814969;values;valori;courages
0.3826851909934929;store;negozio;shop
0.3825505924635549;contents;contenuti;contents
0.3799047217532018;common;comune;city council
0.3790598136045856;authorised;autorizzato;authorised
0.37807769834167226;administration;amministrazione;administration
0.3779266175577856;creation;creazione;creation
0.3701635479915524;canal;canale;
0.3652994486190905;facilitate;facilitare;facilitate
0.3637212702701581;aircraft;aeromobili;aircraft
0.3615826745323579;equipment;equipaggiamento;equipment
0.3615362193958679;cover;coperta;blanket
0.3615183836093488;devoted;dedicò;dedicated
0.3606304051741135;functionality;funzionalità;functionality
0.3570748897044395;treats;trattare;deal
0.3568774444467353;browsing;navigando;
0.3568692025474715;different;differente;different
0.35474643167167896;emergency;emergenza;emergency
0.3534160720650892;submit;consegnare;deliver
0.3520169762223205;labour;lavoro;work
0.3512316348042939;terrain;terreno;terrain
0.3481469248618862;big;grande;big
0.3478267691486109;beyond;oltre;beyond
0.3476930171793415;personnel;personale;personal
0.3452975638693164;solar;solare;solar
0.3429517038078829;difficult;difficile;difficult
0.3375797359638543;start;avvio;start
0.3357346507539509;structures;strutture;frames
0.33383382667528044;installation;installazione;installation
0.333557658053023;lion;leone;lion
0.3331106138688247;value;valore;courage
0.3314535252350064;refuse;residui;residues
0.3284957391616936;recording;registrando;recording
0.32786148709544033;constant;costante;constant
0.32783696016299857;operators;operatori;operators
0.3274373401479401;powered;alimentato;
0.3270970700651514;communicate;comunicare;communicate
0.3265776300536145;exits;partenze;exits
0.32391206667943906;opinions;opinioni;opinions
0.3192310235491708;hard;duro;hard
0.3177307479059582;reality;realtà;reality
0.3172579641479953;come;venire;come
0.3126263864562476;title;titolo;title
0.30880906771651645;necessary;necessario;necessary
0.3074055593246883;bring;portare;bring
0.3070485985608206;maximum;massimo;maximum
0.3056174768929928;created;creato;created
0.30284324883906577;quality;qualità;quality
0.3025722760137205;prior;previo;previous
0.3017730336346409;professional;professionale;professional
0.2984891960963263;fulfillment;compimento;fulfillment
0.2969849030659311;meeting;conoscendo;knowing
0.29327060095562885;training;allenando;training
0.2915931552740768;possible;possibile;possible
0.2907306097394486;besiege;assediare;besiege
0.2906331371065073;allow;permettere;afford
0.2891848292519554;click;schiocco;
0.2881250281284111;link;collegamento;link
0.2878769736110028;studies;studi;studios
0.2865110112921769;born;nato;been born
0.2864692909803944;complex;complesso;complex
0.2857479380200657;employ;impiegare;employ
0.2853897828799519;preparation;preparazione;preparation
0.28329525386664905;connected;connesso;connected
0.2823461407375193;sun;sole;alone
0.2800737895724306;edifices;edifici;
0.2794141761982761;browser;navigatore;browser
0.2792204791676305;spends;passare;spend
0.2777845042927893;order;ordine;command
0.27766345836269635;reduces;ridurre;reduce
0.2775744946081818;opportunities;opportunità;opportunity
0.2766202772290852;affect;influire;affect
0.2752441692308817;utilisation;utilizzazione;utilisation
0.272583934395498;opting;optando;opting
0.2721985550487677;generation;generazione;generation
0.2693225787873943;simply;semplicemente;merely
0.2686953407058055;activity;attività;activity
0.2657005140490884;highly;altamente;highly
0.26510308296624563;foundation;fondazione;foundation
0.2648101302566705;photos;foto;photo
0.2637829735522545;job;lavoro;work
0.26191931173713423;example;esempio;example
0.2602466772890769;screen;schermo;monitor
0.2595428193318337;council;consiglio;tip
0.25918844860908624;website;sito web;website
0.258051047800367;actuated;attivato;actuated
0.2578762732490268;board;asse;
0.2537469147715428;almost;quasi;almost
0.25079413278081897;real;reale;royal
0.25069272129833803;decision;decisione;decision
0.2494650467210871;languages;lingue;tongues
0.2486933952304897;territory;territorio;territory
0.24862753842685445;developed;sviluppò;developed
0.2478156619189156;founded;fondato;founded
0.24538520322797303;efficient;efficace;effective
0.24534856138745895;project;progetto;blueprint
0.2444786172211097;take;prendere;take
0.2424807944002628;accept;accettare;accept
0.24218830542635056;irradiate;irradiare;
0.24210857059714105;participation;partecipazione;participation
0.24119649651405864;security;sicurezza;safety
0.2398478361456523;setting;mettendo;contacting
0.23799588474944344;headquarters;sedi;headquarters
0.23792666114665476;boost;impulso;impetus
0.2375408020351305;action;azione;action
0.2366765779502949;working;operaio;worker
0.2355322928485849;consultancy;consulenza;
0.2335941010072364;site;posto;put
0.23236669541795416;studios;studi;studios
0.2314181127394417;field;campo;countryside
0.22751883861126;make;marchio;brand
0.2272451026831793;select;scegliere;choose
0.2264234330299465;cookie;biscotto;biscuit
0.22467309410527256;analyze;analizzare;analyse
0.22389653248520794;full;pieno;full
0.22359409547704376;configure;configurare;configure
0.22168425483314147;book;libro;book
0.22144487408249489;marry;sposare;marry
0.2209683119856891;enable;autorizzare;authorise
0.22060139242403454;remove;togliere;remove
0.2198506880568772;core;nucleo;core
0.21942329944698835;share;partecipazione;participation
0.21887931200551666;talent;talento;talent
0.21659048028959274;zones;zone;zones
0.21533169903131014;finance;finanza;finance
0.2152016378121976;categorized;classificato;
0.214906125685983;copyright;copyright;copyright
0.21488919493152225;web;ragnatela;web
0.21470191610006606;mission;missione;mission
0.214600910756974;final;finale;final
0.213756242752858;extra;extra;extra
0.2135609744486792;bulletin;bollettino;bulletin
0.21348777356425613;track;pista;clue
0.21303507812199104;large;grande;big
0.21242409641902732;way;cammino;way
0.2107205898125525;sensors;sensori;sensors
0.2095403149003048;gps;gps;
0.20860448771537068;deep;profondo;deep
0.2081404826297352;needs;necessità;need
0.20644278933856214;contribute;contribuire;contribute
0.20643114767186135;rich;ricco;rich
0.20631445611507346;investors;investitori;
0.20631445611507346;investors;investitrici;
0.2044448703994084;record;registro;record
0.2029159729186784;earth;terra;earth
0.20274466936482735;legislation;legislazione;legislation
0.2027194593427825;operations;operatività;operation
0.20078532184934691;technologies;tecnologie;technologies
0.2005461137704673;never;mai;ever
0.1997800191363885;let;lasciare;leave
0.19688110869818293;text;testo;text
0.1968354242375193;locations;localizzazioni;locations
0.1966082813558832;version;versione;version
0.19648401041039432;resolution;risoluzione;resolution
0.19434851721107646;require;richiedere;require
0.1938857365973322;improve;migliorare;enhance
0.1938149687084757;third;terzo;third
0.19249198431969253;overview;panoramica;
0.19222510856200645;speed;velocità;speed
0.1907584112610712;availability;disponibilità;availability
0.19069566274748684;flight;volo;flight
0.19019470737982888;natural;naturale;natural
0.18999637760341231;sees;vedere;see
0.1894045533015097;professionalism;professionalità;
0.18869041998414016;advantage;vantaggio;advantage
0.1880270802332698;call;richiamo;call
0.1870011133234508;plans;piani;pianos
0.1863472588930762;manage;raggiungere;achieve
0.18590530990315546;safe;sicuro;for sure
0.1858618215790466;rescue;salvataggio;rescue
0.18503571392360935;cars;auto;car
0.1835776016671104;area;area;area
0.18317458750953106;small;piccolo;little
0.18255539996078649;half;metà;half
0.18179556908159605;critical;critico;critic
0.18161457017317226;specialised;specializzato;specialised
0.17970128387569914;improving;migliorando;enhancing
0.17821857992898527;music;musica;music
0.17743529999766008;shipping;imbarcando;embarking
0.17691917662682155;habits;abitudini;customs
0.1762582352206732;establish;stabilire;establish
0.17582786991791965;downloads;scaricare;download
0.17398380800559005;precise;preciso;precise
0.17383902704287738;indispensable;indispensabile;indispensable
0.17367073753004372;operate;operare;operate
0.1709723333137028;deliver;consegnare;deliver
0.17033222966984185;resulted;risultò;resulted
0.17013828374601553;appear;parere;look like
0.16986107108162393;committed;commise;committed
0.16979834986269818;bet;scommesso;bet
0.16958687242956488;everything;tutto quanto;
0.16870251782960988;personal;personale;personal
0.16746673142625035;house;casa;house
0.16684078472768385;event;evento;event
0.16639268034907315;property;proprietà;property
0.1630144886904976;analyse;analizzare;analyse
0.16257412294432294;awards;premi;awards
0.1617659625693987;function;funzione;function
0.16142215533893353;advise;consigliare;advise
0.16072142192379085;super;super;
0.1607186260146625;qualified;abilitato;qualified
0.15904441579449186;mentioned;accennato;mentioned
0.15875745351903464;permanent;permanente;permanent
0.15670771906257064;dynamic;dinamico;dynamic
0.15613928612244393;visits;visite;recognitions
0.15567544775166986;handle;maniglia;handle
0.15520296644112028;opt;optare;opt
0.15471856117033805;settings;ambientazioni;settings
0.15452138123816966;contained;contenne;contained
0.15402342185059206;remote;remoto;remote
0.15375127161030686;interested;interessò;interested
0.1535310854722423;close;vicino;near
0.15324958415929302;providers;fornitori;providers
0.15283966000229646;functionalities;funzionalità;functionality
0.15264457365769052;formation;educazione;education
0.1517644931937729;vision;visione;vision
0.15003780249280158;formed;formato;format
0.14981890416004934;spend;passare;spend
0.14899748789881773;responsibility;responsabilità;responsibility
0.14827010633979085;diverse;diverso;diverse
0.14762989382380268;place;luogo;place
0.14556465648861974;provision;disposizione;disposal
0.14550260518213629;entities;entità;entity
0.1448144964904856;fast;rapidamente;quickly
0.1445164981589406;jump;salto;jump
0.14424670574006385;urban;urbano;urban
0.14368241157626654;certifications;certificazioni;certifications
0.14316510029335433;welcome;benvenuto;welcome
0.14259494557500432;knowledge;conoscenza;knowledge
0.14015157898285127;across;attraverso a;cross to
0.1400391376491531;single;solo;only
0.13945637974072805;possibilities;possibilità;possibility
0.13918599420196212;pilots;piloti;pilots
0.13610132932120592;africa;africa;
0.13610132932120592;africa;africo;
0.13522452640815838;respect;rispetto;respect
0.1349623997906095;thought;opinato;thought
0.13462522703496685;cape;capo;boss
0.13335124972846665;suitable;adeguato;adapted
0.13328821219686546;measure;misura;measure
0.1331098030931684;designs;design;design
0.13259151594348592;love;amore;love
0.13127508630992196;extensive;estenso;extensive
0.12937299582911355;network;rete;net
0.12889050715809244;appoint;nominare;appoint
0.12867452147228575;error;errore;error
0.12705610553828106;login;accedere;
0.12615158768232942;works;opere;operas
0.12591206736277238;passion;passione;passion
0.1252328666013869;programming;programmando;programming
0.1249136779364545;analytics;analisi;
0.1247247636659792;waters;acque;waters
0.12461340228896654;presentation;presentazione;presentation
0.12443397706766525;need;necessità;need
0.12397007543206752;agency;agenzia;agency
0.12222716565403388;properly;perbene;properly
0.12212017811151844;communities;comunità;community
0.1195615664267612;etc;etc;
0.1195567199123766;sell;vendere;sell
0.11730973881331865;resources;risorse;resurrected
0.11642029698994072;empty;vuoto;empty
0.11342939878311707;anonymous;anonimo;anonymous
0.11271497059243382;short;basso;low
0.11151958762874424;experts;esperti;expert
0.11135461401829433;rights;destre;right
0.1089879883211963;obtained;ottenne;gained
0.10865440943709068;positive;positivo;positive
0.10740659349481887;obtains;ottenere;gain
0.10666475646983246;origin;origine;origin
0.10666176416825797;port;porto;harbour
0.10474608895754914;chat;ciarla;chat
0.10436389259082167;answer;risposta;answer
0.10368133877736456;zone;zona;zone
0.103330003042652;contrives;ideare;contrive
0.1029462388788764;social;sociale;social
0.1022520820949457;product;prodotto;produced
0.10204830440217344;inner;interno;inner
0.1003909392838125;ensures;assicurare;assure
0.100382176085748;functions;funzioni;functions
0.1001321210244296;know;sapere;know
0.0993314768988034;squad;squadre;
0.09874766469275416;built;edificato;built
0.09720810062131023;exit;partenza;exit
0.09411906742425613;reviews;riviste;journals
0.09360085420524444;intelligent;intelligente;intelligent
0.09319792448515084;interactive;interattivo;interactive
0.09167246077451376;report;relazione;account
0.09159085401915704;creating;creando;creating
0.0915348592627321;absolutely;assolutamente;absolutely
0.0915179078779128;mandatory;obbligatorio;
0.0915179078779128;mandatory;obbligatoria;
0.08948026578229869;google;google;
0.08866692869691886;platforms;binari;platforms
0.08775574297114425;user;utente;user
0.08770174829833986;white;bianco;white
0.08757938861208893;types;tipi;types
0.08600296537878079;route;rotta;route
0.08436929029542925;academy;accademia;academy
0.08402521938445473;scientific;scienziato;scientist
0.0838852173710593;unique;unico;only
0.08252948478489676;identify;identificare;identify
0.08222107654352342;excellence;eccellenza;excellence
0.08218749260140787;technological;tecnologico;technological
0.08177412177433041;optimise;ottimizzare;optimise
0.08164951031245267;involved;implicato;implied
0.08068547062761695;navigation;navigazione;navigation
0.08018726412950337;workshop;workshop;
0.07857767244584624;initial;iniziale;initial
0.07781322413479295;useful;utile;helpful
0.07757982252183382;disposal;disposizione;disposal
0.07687512757565372;previous;anteriore;former
0.07626894467725727;rural;rurale;rural
0.0754034507243932;performance;spettacolo;show
0.07472240830337447;taken;preso;taken
0.07403373322463391;offices;uffici;offices
0.07364432456043833;say;dire;say
0.07300303115661634;add;aggiungere;add
0.07253979200615486;pre;pre;
0.07190037965470375;details;dettagli;details
0.07156639241490563;reports;relazioni;accounts
0.07109176666769916;sites;posti;places
0.07078402636287562;called;chiamato;called
0.07000789645504102;instrument;strumento;instrument
0.06921670473320114;cameras;camere;chambers
0.06855548581819974;union;sindacato;union
0.06789115097896872;delivery;consegna;delivery
0.06721253173936131;iso;iso;
0.06709787803512449;evolution;evoluzione;evolution
0.06701493562089282;specifically;specificamente;specifically
0.06668539000695049;defense;difesa;
0.0656196407571341;pages;pagine;pages
0.06557946172323183;hand;mano;hand
0.06504521372112823;collect;abbicare;collect
0.06402375483425421;enjoy;piacere;like
0.0632832047514728;latest;più tardivo;later
0.06317501120731495;true;vero;true
0.06261055385569056;protection;protezione;protection
0.0623715893124028;measurement;misurazione;measurement
0.062141296021418886;customer;cliente;client
0.06185517585258327;growth;crescita;growth
0.06147633575109729;joint;giuntura;joint
0.061243681468775985;lines;linee;lines
0.060142789782365015;first;primo;first
0.05919153155548253;visited;visitò;toured
0.058754599507243;started;iniziato;started
0.057635689866320686;technicians;tecnici;technical
0.05731535143187993;modern;moderno;modern
0.056836873137504386;creative;creativo;creative
0.05507864829644097;protect;proteggere;protect
0.053668357807578775;payment;pagamento;payment
0.05316592697828832;gdpr;gdpr;
0.05313544737117215;policies;polizze;policies
0.05162036992550092;premium;premio;award
0.05158078419646349;traffic;traffico;traffic
0.051192719791189015;recently;recentemente;freshly
0.05059123993161775;treatment;trattamento;treatment
0.050196873168339325;permission;permesso;permission
0.04789271946042696;possibility;possibilità;possibility
0.0478190869114205;thanks;grazie;graces
0.04639491787028215;solve;risolvere;resolve
0.044792360840096884;discover;scoprire;discover
0.04470845755688909;satisfaction;soddisfazione;satisfaction
0.04389038161549255;roads;strade;roads
0.041736177970126485;marketing;marketing;marketing
0.0415523070165854;verify;accertare;verify
0.040883853730061225;warn;avvertire;warn
0.04019597772953764;ways;cammini;ways
0.03941028336139034;fill;riempire;fill
0.03824418565867131;uses;utilizzi;uses
0.03809165611925535;improves;migliorare;enhance
0.0369323925542101;plants;piante;plants
0.03677669688328007;fundamental;fondamentale;fundamental
0.036531667499570666;discovers;scoprire;discover
0.03522504722685663;happy;felice;happy
0.034848607531749995;copy;copia;copy
0.034621138000059185;interests;interessi;interests
0.033869250210908225;analytical;analitico;analytical
0.03369768610317025;effect;effetto;effect
0.03337634119846971;directed;diretto;directed
0.03209156330178526;however;tuttavia;
0.031763441421657906;transparency;trasparenza;transparency
0.0299772505085891;satisfied;colmato;satisfied
0.029504528784617724;night;notte;night
0.028843958433988893;asia;asia;
0.02817051227258629;making;facendo;doing
0.0268416106588161;ace;asso;ace
0.025886481969830986;powerful;poderoso;powerful
0.02537469335384865;session;sessione;
0.024030965231034773;allows;permettere;afford
0.02366507191599091;really;davvero;really
0.023555123006243444;subject;soggetto;subject
0.02280845090371808;means;mezzi;half
0.022797162408320575;approach;ravvicinamento;approach
0.022715419354176068;doubts;dubbi;doubts
0.020502280039440043;actuate;attivare;actuate
0.02039626239450577;dress;abito;dress
0.01980366126675094;cross;croce;cross
0.01926925558327808;ready;pronta;
0.01926925558327808;ready;pronto;
0.019114623410980875;beautiful;bello;beautiful
0.019015004854450557;advanced;avanzò;advanced
0.018779259449380758;self;stesso;
0.018367710798122824;educational;docente;docent
0.018284126294187682;mail;posta;put
0.017773479329083342;rss;rss;
0.01773779281926795;become;diventare;become
0.01703461598895449;david;david;
0.01637265046320901;dwell;dimorare;
0.014953715616504604;maps;mappe;maps
0.014646314152446984;added;aggiunse;added
0.014253811823569709;updates;aggiornamenti;updates
0.01410611878160096;functional;funzionale;functional
0.012407413381094613;land;terra;earth
0.011402598470003177;www;www;
0.011350448316662732;includes;includere;include
0.011250912605585693;investigation;investigazione;investigation
0.010890611710739784;fulfil;compiere;accomplish
0.0108373653162648;takes;prendere;take
0.010019909386456;features;caratteristiche;characteristic
0.009846266947030138;operational;operazionale;
0.007950444256390056;keep;mantenere;keep
0.007900550259278816;thermal;termale;thermal
0.006939122744625656;update;aggiornamento;update
0.006089704100833778;direction;direzione;direction
0.0016623749460693445;correct;corretto;adjusted
0.0010365667817004637;recommend;raccomandare;recommend
0.0008908439324082748;virtual;virtuale;virtual
0.00019854637608446166;groups;insiemi;sets
-0.0004005223083550736;content;contento;content
-0.0005577717256198878;connection;connessione;connection
-0.0011200029118176675;architecture;architettura;architecture
-0.0011595913817823134;consent;beneplacito;consent
-0.0013241057548305606;flights;voli;flights
-0.0014066917966517607;embedded;inserito;
-0.0015679161001287845;estate;proprietà;property
-0.0016559171494520016;position;posizione;position
-0.0017162562315437538;practices;pratiche;practices
-0.003065492157193081;plus;più;
-0.0031052545568839704;forgot;dimenticò;forgot
-0.003152026032856712;problem;problema;problem
-0.004559492682999578;gift;dono;gift
-0.004887686750404815;changing;cambiando;capsizing
-0.005707465676239237;result;risultato;resulted
-0.0059236703246620176;joins;unire;join
-0.006240258175390227;distribution;distribuzione;distribution
-0.00645212794090084;concrete;concreto;concrete
-0.007081792898914014;proud;orgoglioso;proud
-0.007691869054922444;economic;economico;cheap
-0.008028981035473509;air;aria;air
-0.008432713577186163;return;ritorno;return
-0.009053383189204895;multi;multi;
-0.009210852530024469;collected;abbicato;collected
-0.010177038169245737;processing;processando;processing
-0.010900506813188987;annual;annuale;annual
-0.013930063239099124;results;risultati;resulted
-0.015555877463197532;featured;constò;featured
-0.01615862212437649;augment;aumentare;augment
-0.01643960330140051;provides;fornire;provide
-0.01656730308097956;procedures;procedure;procedures
-0.017407068106169526;watch;orologio;clock
-0.017793722138226876;times;ore;hours
-0.01901449953451911;initiate;avviare;initiate
-0.01941396683157241;collaborate;collaborare;collaborate
-0.020929760408637484;javascript;javascript;
-0.021084604101799628;ideal;ideale;ideal
-0.02279088879506342;side;lato;canton
-0.023570536655105456;give;dare;give
-0.025796463598730168;congress;congresso;congress
-0.02663746587377169;juan;juan;
-0.026681328389241882;contacts;contatti;contacts
-0.02710330220062986;policy;polizza;policy
-0.02734374999173596;hardware;hardware;
-0.0281360751668992;planning;pianificando;planning
-0.02884040435278017;reach;riuscire;attain
-0.02928110447623888;telecommunications;telecomunicazioni;telecommunications
-0.02948314814722004;tips;punte;tips
-0.030611583676540613;run;corso;course
-0.03262672464126479;taking;prendendo;taking
-0.03327070043156013;assume;assumere;assume
-0.03336906084259228;privacy;privacy;privacy
-0.03451052176959627;jose;jose;
-0.03463243483200598;spent;passò;spent
-0.03471891508822976;reliable;affidabile;reliable
-0.034870934397137766;politics;politica;political
-0.03493302470979187;hong;hong;
-0.0354574808936419;changes;cambiamenti;changes
-0.03546694549398143;presupposed;presupposto;posited
-0.035904839462185784;plan;piano;slowly
-0.03683993328375711;methods;metodi;forms
-0.03783246982835799;grow;crescere;grow
-0.0379643449979628;sound;suono;sound
-0.03820397868367212;actions;azione;action
-0.03845515706615887;still;ancora;even
-0.03883111121067302;high;alto;high
-0.03928122216155045;sure;sicuro;for sure
-0.03963878568074168;kong;kong;
-0.04093104529900807;option;opzione;option
-0.04356005202688205;fully;appieno;fully
-0.04456210439011872;young;giovane;junior
-0.044810460771682735;green;verde;green
-0.044909700732083856;message;messaggio;message
-0.04494481082092632;feel;sentire;sense
-0.04586514548956048;window;finestra;window
-0.04610717584502552;continues;continuare;continue
-0.046913105605865695;cycle;ciclo;cycle
-0.04721022956244361;insurance;assicurazione;insurance
-0.04797509778307663;industries;industrie;industries
-0.04897801186466754;adapted;adattò;adapted
-0.04958558890623005;comprise;comprendere;comprise
-0.050291267634864134;statistical;statistico;statistical
-0.051041392759453186;diversity;diversità;diversity
-0.0521139814550932;toggle;attiva/disattiva;
-0.05295596713364609;like;come;like
-0.053002406858257065;challenge;sfida;challenge
-0.0532305017626011;rest;resto;remainder
-0.05330454106738968;running;correndo;racing
-0.05447710604889886;automated;automatizzato;automated
-0.05450764480245414;behind;dietro;behind
-0.05508106703869213;master;maestro;master
-0.055322946913910084;remain;rimanere;remain
-0.0559840760446751;said;detto;said
-0.05614305899412635;sectors;settori;sectors
-0.05698854292874805;quickly;rapidamente;quickly
-0.05783355055082533;expand;ampliare;broaden
-0.05872699243464105;visitors;visitatore;
-0.05923707648705205;facebook;facebook;
-0.059634962488283524;reference;benservito;reference
-0.059731043757789086;cut;tagliato;cut
-0.060047873981552785;saw;sega;saw
-0.060170229176145236;specific;specifico;specific
-0.060355125060507324;options;opzioni;options
-0.06060677275418488;face;faccia;face
-0.06062273398020735;particularly;segnatamente;particularly
-0.061298221340009534;publications;pubblicazioni;publications
-0.0619493464490791;standards;standards;standards
-0.06195550029149489;edge;canto;edge
-0.06211211140702828;managed;raggiunto;achieved
-0.06298000203205949;continuous;continuo;continuous
-0.0642405254474265;negotiate;trattare;deal
-0.06515129482300233;solution;soluzione;solution
-0.06625958690020385;active;attivo;active
-0.06729069799245793;provided;fornì;provided
-0.06806527124504479;forms;forme;forms
-0.06810147246573403;related;relazionato;related
-0.06917856047030424;schedule;orario;time
-0.06964539140479815;thank;grazie;
-0.0700497181721437;multiple;multiplo;multiple
-0.0714149957297281;acts;atti;apt
-0.0714847112974783;testing;testando;testing
-0.07163022109765622;costs;costi;costs
-0.07238762915072451;helping;aiutando;helping
-0.07295345048764555;cause;causa;cause
-0.07353959994254489;legal;legale;legal
-0.07354332536232439;matter;materia;material
-0.07434211628057563;lead;piombo;lead
-0.07495782664241862;apps;app;
-0.07511298592796155;format;formato;formed
-0.07574353762290202;documentation;documentazione;documentation
-0.07652617289105529;advance;avanzo;advance
-0.07691313577218918;number;numero;number
-0.07707642670460815;advertising;pubblicitario;advertising agent
-0.07710017959303025;living;vivente;living
-0.07844879590610959;processes;processi;processes
-0.07870272496933531;wide;largo;wide
-0.07905823634331377;direct;diretto;direct
-0.07951180977065665;whether;se;if
-0.08048180637264524;characteristic;caratteristico;characteristic
-0.08123726336784658;light;chiaro;clear
-0.08148477367239018;sources;fonti;sources
-0.08151037293601353;impact;impatto;impact
-0.08279518747817502;capacity;capacità;capacity
-0.08285475753207211;navigate;navigare;
-0.08313356215899903;subscription;sottoscrizione;subscription
-0.08323424509599915;makes;marchi;frames
-0.08343713394602333;defence;difesa;defence
-0.08344457811588486;strong;forte;forte
-0.08373786214317644;graphic;grafico;chart
-0.08553797078470934;price;prezzo;price
-0.08572523412589737;choose;scegliere;choose
-0.0876072824585965;language;lingua;tongue
-0.0876293113711962;parts;parti;parts
-0.08796123713095193;software;software;software
-0.08804182045239749;less;meno;least
-0.08848589136903945;local;locale;local
-0.08890102893445997;correctly;correttamente;correctly
-0.08989538973003633;available;disponibile;available
-0.09077076353019399;class;ceto;class
-0.09109709992787644;youtube;youtube;
-0.09132232460012046;program;programma;program
-0.09200270749916603;season;stagione;season
-0.0921315369475056;users;utenti;users
-0.09221706416677536;promotion;promozione;promotion
-0.09251929637524968;inside;dentro;inside
-0.09308656653485696;thousands;migliaia;thousands
-0.0935708764863321;last;ultimo;last
-0.09518442175885854;connect;connettere;connect
-0.09529877151203932;offers;offerte;bid
-0.09561267658378514;commission;commissione;commission
-0.09564811477712228;set;messo;contacted
-0.09592470761553168;strictly;rigorosamente;strictly
-0.09630432993416843;govern;governare;govern
-0.096439572010765;east;est;
-0.09654283763702852;generate;generare;generate
-0.09680043120618774;principles;principi;principles
-0.0971832855480604;behaviour;comportamento;behaviour
-0.0972730156660497;presents;presenti;presents
-0.09772587432305097;elements;elementi;elements
-0.09801210135504113;benefit;beneficio;benefit
-0.09828171132820154;interesting;interessante;interesting
-0.09847105958872164;launch;lancio;launch
-0.09869661692316528;productivity;produttività;productivity
-0.09888384400342996;basic;basico;basic
-0.09902033678585714;treat;trattare;deal
-0.1002740919519547;minutes;minuti;small
-0.10148931095827042;adapt;adattare;adapt
-0.10167750000282086;get;raggiungere;achieve
-0.1017875385472683;maintain;mantenere;keep
-0.1022320359513494;demand;domanda;demand
-0.10253956949789007;organisations;organizzazioni;organisations
-0.10292991911238054;learn;apprendere;learn
-0.10293063722055924;initiative;iniziativa;initiative
-0.1036435877010428;internet;internet;internet
-0.10693378504120066;reason;motivo;reason
-0.10727339563880203;campaigns;campagne;campaigns
-0.10783606170250176;email;e-mail;email
-0.1079622279783081;traditional;tradizionale;traditional
-0.10847072325494064;whole;intero;entire
-0.1085138087360361;coronavirus;coronavirus;
-0.10940633597689986;save;salvare;save
-0.1098885932535334;linkedin;linkedin;
-0.11211123161166453;second;secondo;according to
-0.11291745797398525;please;piacere;like
-0.11408124892216005;detailed;dettagliare;
-0.11528678282098058;reading;leggendo;reading
-0.11550049569405298;improvement;miglioramento;improvement
-0.1166776030642952;society;società;society
-0.1172013993597988;data;dati;data
-0.11870174657112605;developing;sviluppando;developing
-0.11920603342954038;integrate;integrare;integrate
-0.11932712658882562;economy;economicità;economy
-0.12145653015930903;act;atto;act
-0.12149276661814105;nets;reti;nets
-0.12182260585724695;member;membro;member
-0.12417288146269588;activities;attività;activity
-0.1250568888890476;specialists;specialisti;specialists
-0.1251925414472914;eat;mangiare;eat
-0.12756266626293733;range;gamma;range
-0.12798489381848935;digital;digitale;digital
-0.12873049597313735;requirements;requisiti;requisitioned
-0.1297868993064929;mobile;mobile;mobile
-0.13046228416999747;deal;trattare;deal
-0.13066773299741372;post;posta;put
-0.1326612231528083;institutions;istituzioni;institutions
-0.13274695595323174;movement;movimento;motion
-0.13305514261496146;money;denaro;money
-0.1334795059451191;accesses;accessi;accesses
-0.13444342222619532;achieve;raggiungere;achieve
-0.13488001645040654;able;capace;able
-0.13489716069038182;win;vincere;win
-0.13586084683296412;communications;comunicazioni;communications
-0.1373945675703613;buy;comprare;buy
-0.13819764023624082;fact;fatto;done
-0.13850333633629575;counts;raccontare;count
-0.13970067989286056;whose;di chi;of who
-0.14001171441843455;managing;raggiungendo;achieving
-0.14001441185825597;coverage;copertura;covering
-0.1401892958350952;must;mosto;must
-0.14023907342195613;question;questione;question
-0.1405701148049444;world;mondo;world
-0.14256471318960426;external;esterno;external
-0.14293080496900973;avert;evitare;
-0.14365115709321158;jobs;lavori;works
-0.1449109104188662;privacypolicy;politicasullariservatezza;
-0.14580474975835367;strategic;strategico;strategic
-0.1459440864304843;collaborators;collaboratori;collaborators
-0.14669431010645434;award;premio;award
-0.1471497037819881;life;vita;life
-0.14726834373033645;steps;passi;paces
-0.14786013996297673;success;successo;success
-0.14853518055193896;key;chiave;key
-0.14863653005096686;follows;seguire;follow
-0.14888759414727892;would;voluto;
-0.1501872673152876;competition;competizione;competition
-0.1505032289125048;remember;ricordare;agree
-0.15050968331094572;totally;totalmente;hopelessly
-0.15074244001210638;suite;suite;
-0.15200109117634958;discount;scontare;discount
-0.15282593214899626;known;saputo;known
-0.1532641838733704;going;andando;going
-0.15350793779487826;forward;avanti;ahead
-0.15364076576834312;ministry;ministero;ministry
-0.15372435396303968;potential;potenziale;potential
-0.1558984242682448;clean;lindo;clean
-0.15601120380528444;opening;aprendo;opening
-0.15680892626047616;advantages;vantaggi;advantages
-0.1570455410281217;portal;portale;portal
-0.15771119072519946;similar;simile;resemblance
-0.15946268072495046;operator;operatore;operator
-0.15974412625518844;using;usando;using
-0.1625089996162135;current;corrente;common
-0.16300126183206642;plough;aratro;plough
-0.16348475296599052;cart;carro;cart
-0.16394318290263335;arrive;arrivare;arrive
-0.16692431523404502;human;umano;human
-0.1679002554625053;detail;dettaglio;detail
-0.1682243377238095;six;sei;
-0.1689503370547353;releases;rilasci;releases
-0.17002166506709274;smart;intelligente;intelligent
-0.17033629205606918;recognise;riconoscere;acknowledge
-0.17070644755272602;view;vista;view
-0.17186274970598947;https;https;
-0.17313602320098925;compliance;conformità;compliance
-0.17343239811805206;right;bene;good
-0.17440232722304325;aim;obiettivo;objective
-0.1753332310410813;asked;chiesto;asked
-0.17578879441282785;upload;caricamento;
-0.17614559735035265;far;lontano;far
-0.17621799059819926;understand;capire;understand
-0.17685659184347566;lives;vite;vine
-0.17711882586154976;employed;impiegò;employed
-0.17890358103985307;following;seguente;following
-0.1790783113236533;needed;necessitò;needed
-0.1809606945693837;visit;visita;recognition
-0.18281126981323814;month;mese;month
-0.18291604890945665;pro;pro;
-0.1829583010188612;identification;identificazione;identification
-0.18392249017663945;risk;rischio;risk
-0.18472614711751395;artificial;artificiale;artificial
-0.18626198263471894;importance;importanza;importance
-0.18634990770310292;island;isola;island
-0.1872180125999826;device;congegno;device
-0.1872827304425859;addition;addizione;addition
-0.1876428277746407;release;rilascio;release
-0.1882446347772144;ltd;ltd;srl?
-0.1882787936646672;request;petizione;request
-0.1885927399498798;inc;inc;
-0.18935493169507445;matters;materie;materials
-0.1913566991635343;promote;promuovere;promote
-0.1919587316530309;also;anche;also
-0.19297616336198933;additional;supplementare;supplementary
-0.19435078647182505;password;password;password
-0.195933490147645;posts;poste;mails
-0.19640574867071947;future;futuro;future
-0.1972701499667704;studio;studio;studio
-0.19775125856189255;put;mettere;contact
-0.19793975376315856;members;membri;members
-0.1981066689437611;challenges;sfide;challenges
-0.19816561985882156;websites;siti web;websites
-0.2004536249888476;acceptance;accettazione;acceptance
-0.2010453946588156;stay;soggiorno;stay
-0.20179842418683214;associated;associato;associated
-0.20261860473440968;finds;incontrare;find
-0.20274963406713026;fit;adattato;adapted
-0.2033623468199072;independent;indipendente;independent
-0.20423051173916432;purchase;spesa;spent
-0.20492704184685184;ends;fine;fine
-0.2056057173070635;skilled;specializzato;skilled
-0.2069202274790028;document;documento;document
-0.20740120290406808;included;incluse;included
-0.2074512735402733;energy;energia;energy
-0.20757463225572892;learning;apprendendo;learning
-0.20849941853647608;exchange;cambio;change
-0.20930914119304786;blue;blu;blue
-0.2094082094615997;help;aiuto;aid
-0.2096161353073621;approved;vistò;approved
-0.20996588170345776;code;codice;code
-0.21018826497670376;simple;semplice;facile
-0.21235170659021288;cruising;crociera;
-0.2132204500639572;name;nome;name
-0.2145899859501868;stood;stato;state
-0.2149356078859878;offering;offrendo;bidding
-0.21605865929012705;total;totale;total
-0.2161395240024927;classes;ceti;classes
-0.21738662000619785;organization;organizzazione;
-0.21814894664164994;things;cose;things
-0.22037813744637003;phone;telefono;phone
-0.22053487421206136;wish;augurio;wish
-0.22115254877288126;alone;soltanto;alone
-0.22183890276637852;one;una;
-0.22183890276637852;one;uno;
-0.2218904911665904;euros;euro;euro
-0.2219813688999131;experiences;esperienze;experiences
-0.22226299838462552;games;giochi;gamblings
-0.2241531331855348;pay;paga;pay
-0.2245631212092089;problems;problemi;problems
-0.22662717588134446;several;diversi;several
-0.22722728100492695;middle;mezzo;
-0.22722728100492695;middle;mezza;
-0.22770836074051504;apply;applicare;apply
-0.2284686510322315;little;poco;little
-0.22860275990991896;discounts;scontare;discount
-0.2288268572039672;type;tipo;type
-0.2289272239962762;size;misura;measure
-0.2289652826458729;group;insieme;set
-0.22912229817848115;article;articolo;article
-0.23080749411256;cases;casi;cases
-0.23101051418753504;standard;standard;standard
-0.2316549133203448;support;appoggio;support
-0.2322196771589641;split;partire;split
-0.2325736242917276;regulation;disposizione;disposal
-0.23317305880819764;send;inviare;forward
-0.23406016705032864;tour;visita;recognition
-0.23473846205358306;sports;sport;sport
-0.2348825402205934;done;fatto;fact
-0.2351483905589424;prepare;preparare;prepare
-0.2355276562543505;modulate;adattare;adapt
-0.2357064867573935;stores;negozi;shops
-0.2357254690096897;section;sezione;section
-0.23589908264871765;hands;mani;hands
-0.23594200578630686;oil;olio;oil
-0.2367073207178075;providing;fornendo;providing
-0.2369958098674282;technology;tecnologia;technology
-0.23743940632197266;flat;piatto;plate
-0.2378763611351504;special;speciale;special
-0.23820990257653585;valid;vigente;valid
-0.23867905687019614;recovery;recupero;recovery
-0.23944083629066376;knows;sapere;know
-0.2403837471200944;british;britannico;
-0.2403837471200944;british;britannica;
-0.2404601468929901;arab;arabo;arab
-0.24050489387884086;meet;conoscere;know
-0.2409709290545416;force;forza;force
-0.24121862059381186;europe;europa;
-0.2415730730165485;four;quattro;
-0.2423647737057713;rules;regole;rules
-0.242952686965427;prizes;premi;awards
-0.2442432986119039;electrical;elettrico;electrical
-0.24435237382312885;physical;fisico;physical
-0.2445617085172261;investment;investimento;investment
-0.24522910488300245;including;includendo;including
-0.2452312928089028;used;usato;used
-0.24528126776552;together;assieme;together
-0.24612004445847546;case;caso;case
-0.25049337463792914;bank;banca;bank
-0.25059280104449644;south;sud;south
-0.25097405588077365;step;passo;pace
-0.2526543230469705;exercise;esercizio;exercise
-0.2540818590745452;box;scatola;box
-0.2550114490409106;interview;intervista;interview
-0.255153522306422;getting;raggiungendo;achieving
-0.25748242428404383;organisation;organizzazione;organisation
-0.2575301350536495;new;nuovo;new
-0.2585553577831625;implementation;implementazione;implementation
-0.2593749003289065;shopping;spesa;expense
-0.2601596081242176;ask;chiedere;ask
-0.2610662893066335;afterwards;dopo;after
-0.2615941658358729;adjust;correggere;adjust
-0.2615991632031666;shop;negozio;shop
-0.2626280719259498;plant;pianta;plant
-0.2626385720563568;materials;materiali;materials
-0.26357157668742337;flexible;flessibile;flexible
-0.2637138785585268;eats;mangiare;eat
-0.26625502085723723;career;carriera;career
-0.267383201365902;spaces;spazi;blanks
-0.2677789298193857;two;due
-0.2678271698857473;stand;posizione;position
-0.2680979296266109;note;nota;grade
-0.26887907773505865;increase;aumento;increase
-0.2695756260496726;lean;magro;thin
-0.2703177083996401;status;stato;state
-0.27163769575865515;minimum;minimo;minimum
-0.2718596023255457;actuality;attualità;actuality
-0.2723607456623964;certification;certificazione;certification
-0.2727940232188988;express;esprimere;express
-0.2728429003039284;space;spazio;blank
-0.27348980793641164;resource;risorsa;resort
-0.2736971437008446;forces;forze;forces
-0.27383986549619205;period;periodo;chronology
-0.2740277031977144;insights;idee;ideas
-0.2744561188447782;stop;detenere;detain
-0.2744777579326822;informed;informato;briefed
-0.2744793145054289;distinct;distinto;distinguished
-0.2745918111964243;recognised;riconosciuto;acknowledged
-0.2755785501348681;besides;oltretutto;additionally
-0.2776400318317421;offered;offerto;bid
-0.2777160444715681;change;cambiamento;change
-0.27774420714033005;state;stato;state
-0.2777479128774139;aeronautical;aeronautico;aeronautical
-0.2783957803112167;normative;normativo;normative
-0.2802942803266993;administrative;amministrativo;administrative
-0.2808259247747916;base;base;base
-0.2809377201102299;american;americano;American
-0.28220192064501753;pepper;pepe;pepper
-0.2825932006462634;library;biblioteca;library
-0.2847568517348452;rule;regola;rule
-0.2849706420229983;tasks;lavori;works
-0.2856550331843661;offer;offerta;bid
-0.28620048489500344;markets;mercati;markets
-0.28685529344315963;took;prese;took
-0.2874667646887359;weigh;pesare;weigh
-0.2876114420607909;assistance;assistenza;assistance
-0.2878983657885307;list;lista;list
-0.2887010100067717;manager;direttore;conductor
-0.2897876700545597;relation;relazione;account
-0.2905361302541151;black;nero;black
-0.2909811474487217;credit;credito;credit
-0.29104043668899704;sea;mare;sea
-0.2914395503139747;left;lasciò;left
-0.2917679105577991;table;tavolo;table
-0.2921651426963052;campaign;campagna;campaign
-0.2928865382848547;system;sistema;system
-0.29350467168143285;devices;congegni;devices
-0.2935097012163336;play;gioco;gambling
-0.2937599051160195;looking;parendo;looking like
-0.29719875858689004;manual;manuale;manual
-0.29806054542224225;past;passato;spent
-0.29836669060445176;trust;fiducia;confidence
-0.3001274069838437;giving;dando;giving
-0.3018684507396912;term;termine;term
-0.3047554144979714;center;centro;centre
-0.30501461486771125;among;entri;come in
-0.3050990129931573;something;qualcosa;
-0.30515717396484016;agreements;accordi;agreements
-0.30525868184217264;sale;vendita;sale
-0.3057998140645949;government;governo;government
-0.3058253353500119;address;indirizzo;address
-0.3067035736196123;staff;personale;staff
-0.3071545323776311;calendar;calendario;calendar
-0.30924823632983384;opens;aprire;open
-0.3097025381379189;detection;rilevazione;detection
-0.3113732929839079;effective;effettivo;effective
-0.31226843338711524;tent;negozio;shop
-0.31285769371706545;applications;applicazioni;applications
-0.31297132206288003;yes;sì;yes
-0.31299147820496936;water;acqua;water
-0.31375572742223995;charge;carico;charge
-0.3139746274727221;date;data;date
-0.314151959836456;councils;consigli;tips
-0.3149757006243589;expect;aspettare;await
-0.31632807756734715;power;potere;can
-0.3164106736124431;old;vecchio;old
-0.3171245997833521;speak;parlare;speak
-0.31727835832538875;dedicated;dedicato;dedicated
-0.3173761819458121;commentaries;commentari;commentaries
-0.3174415079855272;vehicle;veicolo;vehicle
-0.31784102304027884;alternative;alternativo;alternative
-0.3186344151428117;opinion;opinione;opinion
-0.31913547733347103;age;età;age
-0.3191899738388932;level;livello;level
-0.3193237530475337;republic;repubblica;republic
-0.3195434208351895;long;lungamente;long
-0.31994131078129645;stories;storie;histories
-0.32007171967096715;employees;impiegati;clerks
-0.3201144514146759;islands;isole;islands
-0.32043696902067;endure;sopportare;
-0.32056920044846976;year;anno;year
-0.3209942474512439;week;settimana;week
-0.3236365503783826;luis;luis;
-0.3244870154850457;especially;specialmente;especially
-0.3251087546409239;books;libri;books
-0.3263175156038144;individual;individuale;individual
-0.3265494559230876;today;oggi;today
-0.3267895881078008;gas;gas;gas
-0.32804691057117885;received;ricevette;got
-0.3282610823790225;early;presto;early
-0.3282676704669506;conference;conferenza;conference
-0.3288589605349023;want;volere;want to
-0.3322155387314151;accepts;accettare;accept
-0.333212425637839;supports;appoggi;supports
-0.335191167080618;information;informazione;
-0.3355812252893529;internal;interno;inner
-0.33576675432827435;inform;informare;brief
-0.33588478828361484;look;aspetto;appearance
-0.3369413282901797;notable;notevole;notable
-0.3381823414272437;faq;faq;
-0.3391057818380848;leaves;foglie;blades
-0.34086157534749395;sportive;sportivo;sportsman
-0.3411110138355911;hours;ore;hours
-0.34228699224231274;gone;andato;gone
-0.34236262279488056;marks;marche;marks
-0.3426275177694082;wants;volere;want to
-0.34320474788031297;end;fine;fine
-0.34429909429359795;even;ancora;even
-0.3468775179233862;move;movimento;motion
-0.3478051817416391;updated;aggiornato;updated
-0.3482977581045303;surgery;consulta;consultation
-0.3483452826640821;tourism;turismo;tourism
-0.3484371605544933;west;dell'ovest;of the west
-0.3498367437595863;low;basso;low
-0.3504460593144025;minor;minore;lesser
-0.3505845908227104;goes;andare;go
-0.3506441061940072;front;fronte;
-0.3508023674355756;ads;annunci;announcements
-0.3509625784919934;oriented;orientato;
-0.3509625784919934;oriented;orientata;
-0.3509748750694791;region;regione;region
-0.3539061048797262;point;punto;dot
-0.3553349647891765;app;app;
-0.3556108443928979;non;non;no
-0.3566392886092469;already;già;already
-0.35738763805739604;care;cura;care
-0.3582943402528048;cards;carte;cards
-0.3588410324113319;map;mappa;map
-0.3592138158662924;fund;fondo;fund
-0.35956435143766285;guarantee;avallo;guarantee
-0.360592393399914;voice;voce;voice
-0.3608934510308217;intelligence;intelligenza;intelligence
-0.3620330984214988;game;gioco;gambling
-0.3635572946768494;seen;veduto;seen
-0.3641846411321519;accessibility;accessibilità;accessibility
-0.3645043551796048;north;nord;north
-0.3646207389573826;degree;grado;degree
-0.36521589328179055;url;url;
-0.36592589681446497;history;storia;history
-0.3665402329104694;issues;affari;issues
-0.36694116028415424;agree;accordare;agree
-0.3671845788870733;centres;centri;centres
-0.3672752014917848;serve;servire;serve
-0.36727891513008215;tall;alto;high
-0.3675706036688293;userattention;attenzionedellutente;
-0.3675706036688293;essearch;essearch;
-0.3675706036688293;ecr;ecr;
-0.3675706036688293;detectedby;rilevatoda;
-0.3675706036688293;businessbusiness;affariaffari;
-0.3680011460849377;tend;stendere;tend
-0.3681620700875015;well;bene;well
-0.3718812874351112;units;unità;unit
-0.3720346291294523;use;utilizzo;use
-0.3726550299727164;frequentconditions;condizionifrequenti;
-0.3735190878198429;square;quadrato;squared
-0.3748156714125852;eleconomista;leconomista;
-0.3756137351265679;university;università;university
-0.375973392021544;office;ufficio;office
-0.3762688220397541;easy;facile;easy
-0.3771660479547646;politicaluse;uso politico;
-0.37795714045672696;established;stabilito;established
-0.37805496325198695;captcha;captcha;
-0.3789721771048489;page;pagina;page
-0.37951677917943577;others;altri;
-0.37951677917943577;others;altre;
-0.3797751234667893;introduction;introduzione;introduction
-0.3800577074291797;registered;registrato;recorded
-0.3815150337906343;quick;rapidamente;quickly
-0.3818583230256072;splits;partire;split
-0.3820145937393787;financial;finanziario;financial
-0.3820803796191896;efficiency;efficienza;efficiency
-0.3825265042519616;states;stati;states
-0.3839975933996098;distance;distanza;distance
-0.3860855961203018;campus;campus;campus
-0.38831106970932144;location;localizzazione;location
-0.3883818604247367;partners;compagni;partners
-0.38849994584525704;expert;esperto;expert
-0.3885779779034189;resolve;risolvere;resolve
-0.3887174012991;institute;istituto;institute
-0.38874049025873103;skip;salta;
-0.3904721833643881;family;famiglia;family
-0.3914723436689321;heart;cuore;heart
-0.3916197137737875;receives;ricevere;get
-0.391949638923513;cloud;nuvola;cloud
-0.3919810016562741;industry;industria;industry
-0.392462334786499;benefits;benefici;benefits
-0.3936382413198905;climate;clima;climate
-0.3946555485505613;clear;chiaro;luminosity
-0.3962668822090524;entity;entità;entity
-0.3982234448206648;central;centrale;central
-0.3982523512530788;operating;operativo;operating
-0.3988781532723151;due;previsto;due
-0.3996975188082159;skills;abilità;ability
-0.40045271136782784;forum;foro;forum
-0.40101667581551625;source;fonte;source
-0.4027446828817272;command;dominio;command
-0.40301510750013664;find;incontrare;find
-0.4030371199840231;cod;baccalà;cod
-0.4032812637919893;room;stanza;room
-0.4049655404594604;relations;relazioni;accounts
-0.4052273881526197;required;richiese;required
-0.4053323737699364;science;scienza;science
-0.4062677699767848;antonio;antonio;
-0.4072972194383548;file;lima;file
-0.4076129418532655;hour;ora;hour
-0.4081681291476964;items;elementi;elements
-0.4089285252702544;ensure;assicurare;assure
-0.409300022706132;made;fatto;done
-0.4112122395688909;cookiescontact;contattocookie;
-0.41169474534713;issue;affare;issue
-0.4135146592867029;obtain;ottenere;gain
-0.4144766049166429;commercial;commerciale;commercial
-0.4195377577833135;check;controllo;control
-0.4217257523607865;executive;esecutivo;executive
-0.4235982677251134;requires;richiedere;require
-0.4250294944819749;major;importante;important
-0.4251517444625689;continue;continuare;continue
-0.4253346249466152;turn;turno;shift
-0.42745668046114504;limited;limitato;limited
-0.4276327895245295;practical;pratico;practical
-0.42791440477992104;places;luoghi;places
-0.4286665927747799;agreement;accordo;agreement
-0.4287137526737056;paper;carta;card
-0.4292379765440176;write;scrivere;type
-0.43185902717297386;found;fondare;found
-0.4322837886787399;wordpress;wordpress;
-0.43490451848686257;careers;carriere;careers
-0.4391351219071693;present;presente;present
-0.44016493226770415;car;auto;car
-0.4409122695746251;near;vicino;turnip
-0.4409737500272025;faqs;domande frequenti;
-0.4414815285323406;points;punti;dots
-0.44501577930825387;story;storia;history
-0.4450177879815182;tests;prove;proofs
-0.4451841010639444;next;prossimo;forthcoming
-0.4460989259923715;protected;protetto;protected
-0.4462237720340352;gold;oro;gold
-0.4480759831852358;city;città;city
-0.4483911591688836;five;cinque;
-0.451631872200352;original;originale;original
-0.4578944674712892;man;uomo;man
-0.4582157751975892;schools;scuole;schools
-0.4586572387929914;manufacturing;fabbricando;manufacturing
-0.4600883732129656;pieces;pezzi;pieces
-0.4613847291039521;autonomous;autonomo;autonomous
-0.4625601760608728;person;persona;person
-0.4626855297309059;colour;colore;colour
-0.4647453346786744;unit;unità;unit
-0.46521835160352604;explore;esplorare;explore
-0.4655225068502046;without;senza bisogno;without
-0.4655688981771339;configuration;configurazione;configuration
-0.4660574164326512;leader;dirigente;leader
-0.467455870774178;department;assessorato;department
-0.4688705434636281;follow;seguire;follow
-0.4689300176594174;blog;blog;blog
-0.4697956688595241;marine;marino;marine
-0.4700318906445597;doubt;dubbio;doubt
-0.4700373454080372;director;direttore;conductor
-0.4713268842323208;wednesday;mercoledì;Wednesday
-0.472455876748991;marries;sposare;marry
-0.4739161262279882;certified;certificato;certified
-0.473966373643469;form;forma;form
-0.4747465805760751;opportunity;opportunità;opportunity
-0.4759028925715397;leadership;direzione;direction
-0.4764996343464164;carlos;carlos;carlos
-0.4774166449452468;competitive;competitivo;competitive
-0.4775457219918404;selected;scelto;chosen
-0.4776241886291752;try;tentare;attempt
-0.47917999367957204;telephone;telefono;phone
-0.4806167482839845;complete;completo;complete
-0.4824361664234263;surface;superficie;surface
-0.48346285874294104;transport;trasporto;carriage
-0.4843494335478328;test;prova;proof
-0.4858191088689837;excellent;eccellente;excellent
-0.4879344853898736;style;stile;style
-0.4882524999703555;interest;interesse;interest
-0.4889016975803706;tweets;tweet;
-0.4898944373989391;double;doppio;double
-0.4909100136298529;live;vivere;live
-0.4918658055972944;latin;latino;latin
-0.4929680391657182;ceo;amministratore delegato;
-0.493503788345121;begins;iniziare;start
-0.4935288357483681;application;applicazione;application
-0.4937362466671499;evaluation;valutazione;evaluation
-0.4964345290112277;historical;storico;historian
-0.4971415344816583;storage;archiviazione;storage
-0.4981200168588188;sending;inviando;forwarding
-0.5000227803494041;sections;sezioni;sections
-0.5016644753859385;healthy;sano;healthy
-0.5019781887116869;student;studentesco;student
-0.5034357313035962;trade;commercio;commerce
-0.5041018067352095;courses;corsi;raced
-0.5048731073657811;banking;bancario;banking
-0.507120468550561;ancient;antico;ancient
-0.5073434611974954;focus;fuoco;focus
-0.5075911419713881;united;unito;joined
-0.5079234506618215;lot;quantità;
-0.5083217445124404;vehicles;veicoli;vehicles
-0.5083271950026598;recommended;raccomandò;recommended
-0.5091303036081961;travel;viaggio;voyage
-0.5092464558909248;access;accesso;access
-0.5103139256755781;leading;principale;leading
-0.5104221271089887;part;parte;part
-0.5104307472364176;material;materiale;material
-0.5119125965861562;exclusive;esclusivo;exclusive
-0.5165206735984303;category;categoria;category
-0.5171836644635198;provider;fornitore;provider
-0.5172117578698762;million;milione;million
-0.5177136446237162;guide;guida;guide
-0.5179698618166184;sitemap;mappa del sito;
-0.5180248844042447;compulsory;obbligatorio;obligatory
-0.5186833012020592;through;attraverso di;through
-0.5197218177952313;summer;estate;summer
-0.5199897023071198;convert;convertire;convert
-0.5202284128436245;another;un altro;another
-0.5218207491866983;directly;direttamente;directly
-0.5227046697476835;supply;provvista;catered
-0.5231473570882984;recent;recente;recent
-0.523570177712702;market;mercato;market
-0.5250483732228579;registration;iscrizione;registration
-0.5256979991016738;perfect;perfetto;perfect
-0.5274818843673458;tip;punta;tip
-0.5284562893040806;moment;attimo;moment
-0.5301631621042259;growing;crescendo;growing
-0.5302283936917837;automation;automazione;automation
-0.5312684781639045;phase;fase;phase
-0.5325926860053872;twitter;twitter;
-0.5327194125844397;law;diritto;right
-0.5360416019844861;categories;categorie;categories
-0.5383505647681531;enter;introdurre;introduce
-0.5403270470137089;strategy;strategia;strategy
-0.5456725448468044;official;ufficiale;official
-0.5477797186572626;military;militare;soldier
-0.5483195618305794;around;intorno;around
-0.5484495469043347;frequent;frequente;frequent
-0.5496635953831391;series;serie;serious
-0.5525442546080304;business;affare;issue
-0.5537465729921555;ago;fa;do
-0.5537631777201858;crisis;crisi;crisis
-0.5545158143441393;cost;costò;cost
-0.5572366277077414;measured;misurato;measured
-0.5598586424190868;net;netto;net
-0.5617044133865228;european;europeo;european
-0.5653127473488909;country;paese;country
-0.5657800985077482;leave;congedo;leave
-0.5659816233481637;chain;catena;chain
-0.569230393724158;selection;selezione;selection
-0.5695853599234948;aviation;aviazione;aviation
-0.5697230580696974;time;ora;hour
-0.5701089554161435;approaches;ravvicinamenti;approaches
-0.5706281707392221;statement;enunciazione;statement
-0.5721681683854936;questions;questioni;questions
-0.574259825381125;covid;covid;
-0.5746170457498254;lose;perdere;miss
-0.5754823518362784;kingdom;regno;
-0.5755802895630906;platform;binario;platform
-0.5767384280679947;requests;petizioni;requests
-0.5788983395713517;press;stampa;press
-0.5791057168697918;top;superiore;superior
-0.5808553604683314;analysis;analisi;analysis
-0.5831344070594185;good;bene;good
-0.5853305361926845;org;org;
-0.5879112133579091;attention;attenzione;attention
-0.5897367755763773;cities;città;city
-0.5955262536718905;province;provincia;province
-0.5960862216014245;english;inglese;English
-0.5968475521160257;boys;ragazzi;boys
-0.5985492298807614;club;club;club
-0.5988520357110475;leaders;dirigenti;leaders
-0.5993938789097185;create;creare;create
-0.6011743084347554;consider;considerare;consider
-0.6013944047236024;helps;aiuti;aids
-0.602309491944032;primary;primario;primary
-0.6038362196873189;york;york;
-0.6044241188914132;conditions;condizioni;conditions
-0.6081818077132312;course;corso;raced
-0.6104900601386717;best;più;any more
-0.6112882754656241;magazine;rivista;journal
-0.6131000964735783;join;unire;join
-0.6137648630441681;shows;spettacoli;shows
-0.6138698126058639;months;mesi;months
-0.617337306384434;round;intorno a;around
-0.6185381599977188;computer;computer;computer
-0.6218728897295581;upper;superiore;superior
-0.6238784809006866;fire;fuoco;focus
-0.6273576868765568;review;rivista;journal
-0.6295242731372268;moves;movimenti;motions
-0.6296152051402563;searcher;cercatore;searcher
-0.6326590440526834;sector;settore;sector
-0.6334672233991592;saint;santo;saint
-0.6344718799704768;better;meglio;better
-0.6348702488535062;certificates;certificati;certified
-0.6350693010807859;mobility;mobilità;mobility
-0.6370803459866796;open;aperto;opened
-0.6436082757401707;guides;guide;guides
-0.6449570430500405;general;generale;general
-0.6451484636270466;electronic;elettronico;electronic
-0.645284766256506;transfer;bonifico;transfer
-0.6485793471189795;robot;robot;robot
-0.6486555521449308;confidence;confidenza;confidence
-0.649324456858041;students;studenti;students
-0.6514181776102131;academic;accademico;academic
-0.6517682646640839;partner;compagno;partner
-0.6518349329515765;back;dietro;behind
-0.6603244458306983;sign;poster;poster
-0.6613357893349991;women;donne;women
-0.6614187177808066;anterior;anteriore;
-0.6617918447992146;profile;profilo;profile
-0.66253417088048;day;giorno;day
-0.6630109875444314;machine;macchina;machine
-0.664280356842921;school;scuola;school
-0.6674676932108218;medicine;farmaco;medicine
-0.6707995541543089;links;collegamenti;links
-0.6739000507112272;enterprise;impresa;company
-0.6747535276177924;returns;ritorni;returns
-0.6750397285696651;calm;calmo;calm
-0.6752767939930899;three;tre;
-0.6767451680231777;many;molto;a lot of
-0.6769906806450107;card;carta;card
-0.6780729154920242;although;malgrado;although
-0.6795380168159331;stock;stock;stock
-0.685763039988136;process;processo;process
-0.6931783207768469;manufacture;fabbrica;factory
-0.6955061286881429;businesses;affari;issues
-0.6967717152309205;terms;termini;terms
-0.6990155323651943;cinema;cinema;cinema
-0.7033543489692738;log;log;
-0.7049911898087814;regional;regionale;regional
-0.7067424515994107;dates;date;dates
-0.7070936659101322;according;secondo;according to
-0.7075210317101177;important;importante;important
-0.7083933782025027;read;leggere;light
-0.7092193186690703;transformation;trasformazione;transformation
-0.7109772296798391;show;spettacolo;show
-0.7176791931102854;catalogue;catalogo;catalogue
-0.7207484103716828;profits;utili;gains
-0.7231075618289686;via;via;
-0.7234819259038983;news;notizia;news
-0.7312395899068763;tech;tech;
-0.7352479660177812;see;vedere;see
-0.7381849722043586;collaboration;collaborazione;collaboration
-0.7383034205494504;looks;aspetti;appearances
-0.7432878649813369;drive;passeggio;drive
-0.7462719799849511;account;conto;account
-0.7477206507253684;collection;riscossione;collection
-0.7486918011857403;consult;consultare;consult
-0.7514529970807164;food;cibo;food
-0.7546194678202902;president;presidente;president
-0.7561370031057013;register;registro;record
-0.7573098144827795;personalised;personalizzato;
-0.7573098144827795;personalised;personalizzata;
-0.7607099622930872;certificate;certificato;certified
-0.7654132254659441;articles;articoli;articles
-0.7689393756279744;published;pubblicato;issued
-0.7773502968278606;begin;iniziare;start
-0.7842846535004592;situation;situazione;situation
-0.7909444466210089;sales;vendite;sales
-0.7919817949587631;culture;cultura;culture
-0.8025268062783285;edition;edizione;edition
-0.8069503305469538;download;scaricare;download
-0.8131644937946562;mark;marca;mark
-0.8145039347531479;favour;favore;favour
-0.8163524973897974;documents;documenti;documents
-0.8203102875372699;publishing;editoriale;editorial
-0.8240018230565135;gave;diede;gave
-0.8305818459745823;fax;fax;fax
-0.8306613550424483;popular;popolare;populate
-0.8337271939357406;programs;programmi;programs
-0.8392258857581163;airport;aereoporto;airport
-0.8502958159529607;walk;passeggio;drive
-0.8519628992840067;manufacturer;fabbricante;manufacturer
-0.8571295769408697;much;molto;a lot of
-0.8648323206498411;products;prodotti;produced
-0.8648775819266672;animal;animale;animal
-0.8667560588730745;condition;condizione;condition
-0.8672451422826065;countries;paesi;countries
-0.8691231820915413;centre;centrale;central
-0.8700361336544993;buys;comprare;buy
-0.8705005936777255;international;internazionale;international
-0.8947371882647214;main;maggiore;greater
-0.9056006632579932;joined;unì;joined
-0.9113748958581871;community;comunità;community
-0.9182040561872128;whatsapp;whatsapp;
-0.9203882869568576;daily;quotidianamente;daily
-0.9230691045349512;deport;deportare;deport
-0.9233358716566532;woman;donna;woman
-0.9298957440305436;diary;diario;diary
-0.9523362251991896;global;globale;global
-0.9869265673800852;gives;dare;give
-0.989519249919156;newsletter;newsletter;
-0.9897330050928098;novelties;novità;novelty
-1.0000589261147308;alicante;alicante;
-1.002248238324251;led;diresse;directed
-1.004582155174474;directory;directory;
-1.005640730661166;education;educazione;education
-1.0143214529667934;health;sanità;health
-1.0177992124606994;sanitary;sanitario;sanitary
-1.0411568224156071;search;ricerca;enquiry
-1.044065266949953;association;associazione;association
-1.0683300833692864;publish;pubblicare;issue
-1.0728522790093868;research;ricerca;enquiry
-1.1031158702964807;prices;prezzi;prices
-1.1068041911757909;accessories;accessori;accessory
-1.1505083727208347;medical;medico;medical
-1.1771358174233526;sep;sep;
-1.1812508446624133;days;giorni;days
-1.1994764950827077;receive;ricevere;get
-1.220710218791373;free;gratis;free
-1.2231599110694196;clothes;vestiti;dressed
-1.2378018596251978;national;nazionale;national
-1.2390257108665488;manufacturers;fabbricante;manufacturer
-1.3804047750540955;line;linea;line
-1.436177251575959;subscribe;sottoscrivi;
-1.4404658836024369;components;componenti;components
-1.7256341474561638;companies;imprese;companies
